{
  "enchants": {
    "SWORD": [
      "bane_of_arthropods",
      "cleave",
      "critical",
      "cubism",
      "dragon_hunter",
      "ender_slayer",
      "execute",
      "experience",
      "fire_aspect",
      "first_strike",
      "giant_killer",
      "impaling",
      "knockback",
      "lethality",
      "life_steal",
      "looting",
      "luck",
      "mana_steal",
      "PROSECUTE",
      "scavenger",
      "sharpness",
      "smite",
      "syphon",
      "telekinesis",
      "titan_killer",
      "thunderlord",
      "thunderbolt",
      "triple_strike",
      "vampirism",
      "venomous",
      "vicious",
      "ultimate_one_for_all",
      "ultimate_soul_eater",
      "ultimate_chimera",
      "ultimate_combo",
      "ultimate_swarm",
      "ultimate_wise"
    ],
    "BOW": [
      "aiming",
      "chance",
      "cubism",
      "dragon_hunter",
      "flame",
      "impaling",
      "infinite_quiver",
      "piercing",
      "overload",
      "power",
      "punch",
      "snipe",
      "telekinesis",
      "ultimate_soul_eater",
      "ultimate_chimera",
      "ultimate_swarm",
      "ultimate_wise",
      "ultimate_rend"
    ],
    "AXE": [
      "efficiency",
      "telekinesis",
      "replenish",
      "silk_touch",
      "turbo_cactus",
      "turbo_coco",
      "turbo_melon",
      "turbo_pumpkin",
      "delicate"
    ],
    "PICKAXE": [
      "compact",
      "efficiency",
      "experience",
      "fortune",
      "silk_touch",
      "smelting_touch",
      "telekinesis"
    ],
    "DRILL": [
      "compact",
      "efficiency",
      "experience",
      "fortune",
      "silk_touch",
      "smelting_touch",
      "telekinesis"
    ],
    "FISHING ROD": [
      "angler",
      "blessing",
      "caster",
      "expertise",
      "frail",
      "looting",
      "luck_of_the_sea",
      "lure",
      "magnet",
      "spiked_hook",
      "telekinesis"
    ],
    "FISHING WEAPON": [
      "angler",
      "blessing",
      "caster",
      "expertise",
      "frail",
      "looting",
      "luck_of_the_sea",
      "lure",
      "magnet",
      "spiked_hook",
      "telekinesis",
      "bane_of_arthropods",
      "cleave",
      "critical",
      "cubism",
      "dragon_hunter",
      "ender_slayer",
      "execute",
      "experience",
      "fire_aspect",
      "first_strike",
      "giant_killer",
      "impaling",
      "knockback",
      "lethality",
      "life_steal",
      "looting",
      "luck",
      "mana_steal",
      "PROSECUTE",
      "scavenger",
      "sharpness",
      "smite",
      "syphon",
      "titan_killer",
      "thunderlord",
      "thunderbolt",
      "triple_strike",
      "vampirism",
      "venomous",
      "vicious",
      "ultimate_one_for_all",
      "ultimate_soul_eater",
      "ultimate_chimera",
      "ultimate_combo",
      "ultimate_swarm",
      "ultimate_wise"
    ],
    "SHOVEL": [
      "efficiency",
      "silk_touch",
      "telekinesis"
    ],
    "HOE": [
      "replenish",
      "harvesting",
      "telekinesis",
      "turbo_wheat",
      "turbo_cane",
      "turbo_warts",
      "turbo_carrot",
      "turbo_potato",
      "turbo_mushrooms",
      "cultivating",
      "delicate"
    ],
    "HELMET": [
      "big_brain",
      "blast_protection",
      "fire_protection",
      "projectile_protection",
      "protection",
      "growth",
      "rejuvenate",
      "respite",
      "aqua_affinity",
      "thorns",
      "respiration",
      "ultimate_bank",
      "ultimate_last_stand",
      "ultimate_legion",
      "ultimate_no_pain_no_gain",
      "ultimate_wisdom"
    ],
    "CHESTPLATE": [
      "protection",
      "blast_protection",
      "fire_protection",
      "projectile_protection",
      "growth",
      "rejuvenate",
      "respite",
      "thorns",
      "counter_strike",
      "true_protection",
      "ultimate_bank",
      "ultimate_last_stand",
      "ultimate_legion",
      "ultimate_no_pain_no_gain",
      "ultimate_wisdom"
    ],
    "LEGGINGS": [
      "protection",
      "blast_protection",
      "fire_protection",
      "projectile_protection",
      "growth",
      "rejuvenate",
      "respite",
      "smarty_pants",
      "thorns",
      "ultimate_bank",
      "ultimate_last_stand",
      "ultimate_legion",
      "ultimate_no_pain_no_gain",
      "ultimate_wisdom"
    ],
    "BOOTS": [
      "protection",
      "blast_protection",
      "fire_protection",
      "projectile_protection",
      "growth",
      "sugar_rush",
      "rejuvenate",
      "respite",
      "feather_falling",
      "depth_strider",
      "frost_walker",
      "thorns",
      "ultimate_bank",
      "ultimate_last_stand",
      "ultimate_legion",
      "ultimate_no_pain_no_gain",
      "ultimate_wisdom"
    ]
  },
  "enchant_pools": [
    [
      "sharpness",
      "bane_of_arthropods",
      "smite"
    ], [
      "silk_touch",
      "smelting_touch",
      "fortune"
    ], [
      "ultimate_chimera",
      "ultimate_combo",
      "ultimate_swarm",
      "ultimate_wise",
      "ultimate_rend",
      "ultimate_bank",
      "ultimate_last_stand",
      "ultimate_legion",
      "ultimate_no_pain_no_gain",
      "ultimate_wisdom",
      "ultimate_one_for_all",
      "ultimate_soul_eater"
    ], [
      "protection",
      "blast_protection",
      "fire_protection",
      "projectile_protection"
    ], [
      "rejuvenate",
      "respite"
    ], [
      "thunderlord",
      "thunderbolt"
    ], [
      "syphon",
      "life_steal",
      "mana_steal"
    ], [
      "execute",
      "PROSECUTE"
    ], [
      "depth_strider",
      "frost_walker"
    ], [
      "first_strike",
      "triple_strike"
    ], [
      "giant_killer",
      "titan_killer"
    ], [
      "ultimate_one_for_all",
      "bane_of_arthropods"
    ], [
      "ultimate_one_for_all",
      "cleave"
    ], [
      "ultimate_one_for_all",
      "critical"
    ], [
      "ultimate_one_for_all",
      "cubism"
    ], [
      "ultimate_one_for_all",
      "dragon_hunter"
    ], [
      "ultimate_one_for_all",
      "ender_slayer"
    ], [
      "ultimate_one_for_all",
      "execute"
    ], [
      "ultimate_one_for_all",
      "experience"
    ], [
      "ultimate_one_for_all",
      "fire_aspect"
    ], [
      "ultimate_one_for_all",
      "first_strike"
    ], [
      "ultimate_one_for_all",
      "giant_killer"
    ], [
      "ultimate_one_for_all",
      "impaling"
    ], [
      "ultimate_one_for_all",
      "knockback"
    ], [
      "ultimate_one_for_all",
      "lethality"
    ], [
      "ultimate_one_for_all",
      "life_steal"
    ], [
      "ultimate_one_for_all",
      "looting"
    ], [
      "ultimate_one_for_all",
      "luck"
    ], [
      "ultimate_one_for_all",
      "mana_steal"
    ], [
      "ultimate_one_for_all",
      "PROSECUTE"
    ], [
      "ultimate_one_for_all",
      "scavenger"
    ], [
      "ultimate_one_for_all",
      "sharpness"
    ], [
      "ultimate_one_for_all",
      "smite"
    ], [
      "ultimate_one_for_all",
      "syphon"
    ], [
      "ultimate_one_for_all",
      "titan_killer"
    ], [
      "ultimate_one_for_all",
      "thunderlord"
    ], [
      "ultimate_one_for_all",
      "thunderbolt"
    ], [
      "ultimate_one_for_all",
      "triple_strike"
    ], [
      "ultimate_one_for_all",
      "vampirism"
    ], [
      "ultimate_one_for_all",
      "venomous"
    ], [
      "ultimate_one_for_all",
      "vicious"
    ], [
      "turbo_pumpkin",
      "turbo_warts",
      "turbo_cactus",
      "turbo_cane",
      "turbo_carrot",
      "turbo_coco",
      "turbo_melon",
      "turbo_mushrooms",
      "turbo_potato",
      "turbo_wheat"
    ]
  ],
  "enchants_min_level": {
    "bane_of_arthropods": 5,
    "big_brain": 5,
    "chance": 3,
    "cleave": 5,
    "critical": 5,
    "ender_slayer": 5,
    "execute": 5,
    "PROSECUTE": 5,
    "fire_aspect": 2,
    "first_strike": 4,
    "triple-strike": 5,
    "giant_killer": 5,
    "titan_killer": 5,
    "knockback": 2,
    "lethality": 5,
    "life_steal": 3,
    "syphon": 3,
    "luck": 5,
    "scavenger": 3,
    "sharpness": 5,
    "smite": 5,
    "thunderlord": 5,
    "thunderbolt": 5,
    "vampirism": 5,
    "venomous": 5,
    "vicious": 4,
    "ultimate_chimera": 5,
    "ultimate_combo": 5,
    "ultimate_swarm": 5,
    "ultimate_wise": 5,
    "aiming": 5,
    "cubism": 5,
    "dragon_hunter": 5,
    "flame": 1,
    "impaling": 3,
    "infinite_quiver": 5,
    "piercing": 1,
    "overload": 5,
    "power": 5,
    "punch": 2,
    "snipe": 3,
    "ultimate_rend": 5,
    "telekinesis": 1,
    "silk_touch": 1,
    "compact": 10,
    "experience": 4,
    "fortune": 3,
    "smelting_touch": 1,
    "angler": 5,
    "blessing": 5,
    "caster": 5,
    "expertise": 10,
    "frail": 5,
    "looting": 3,
    "luck_of_the_sea": 5,
    "lure": 5,
    "magnet": 5,
    "spiked_hook": 5,
    "efficiency": 5,
    "replenish": 1,
    "harvesting": 5,
    "aqua_affinity": 1,
    "counter_strike": 5,
    "true_protection": 1,
    "protection": 5,
    "fire_protection": 5,
    "blast_protection": 5,
    "projectile_protection": 5,
    "growth": 5,
    "sugar_rush": 3,
    "rejuvenate": 5,
    "respite": 5,
    "feather_falling": 5,
    "depth_strider": 3,
    "thorns": 3,
    "turbo_wheat": 5,
    "turbo_cane": 5,
    "turbo_warts": 5,
    "turbo_carrot": 5,
    "turbo_potato": 5,
    "turbo_mushrooms": 5,
    "turbo_cactus": 5,
    "turbo_coco": 5,
    "turbo_melon": 5,
    "turbo_pumpkin": 5,
    "ultimate_one_for_all": 1,
    "ultimate_soul_eater": 5,
    "ultimate_bank": 5,
    "ultimate_last_stand": 5,
    "ultimate_legion": 5,
    "ultimate_no_pain_no_gain": 5,
    "ultimate_wisdom": 5,
    "cultivating": 10
  },
  "enchants_xp_cost": {
    "sharpness": [
        10,
        15,
        20,
        25,
        30
    ],
    "smite": [
        10,
        15,
        20,
        25,
        30
    ],
    "bane_of_arthropods": [
        10,
        15,
        20,
        25,
        30
    ],
    "telekinesis": [
        5
    ],
    "knockback": [
        15,
        30
    ],
    "fire_aspect": [
        15,
        30
    ],
    "experience": [
        15,
        30,
        45
    ],
    "looting": [
        15,
        30,
        45
    ],
    "scavenger": [
        10,
        20,
        30
    ],
    "luck": [
        10,
        20,
        30,
        40,
        50
    ],
    "cubism": [
        10,
        20,
        30,
        40,
        50
    ],
    "cleave": [
        10,
        20,
        30,
        40,
        50
    ],
    "life_steal": [
        20,
        25,
        30
    ],
    "giant_killer": [
        10,
        20,
        30,
        40,
        50
    ],
    "critical": [
        10,
        20,
        30,
        40,
        50
    ],
    "first_strike": [
        20,
        30,
        40,
        75
    ],
    "ender_slayer": [
        10,
        15,
        20,
        25,
        30
    ],
    "impaling": [
        30,
        40,
        50
    ],
    "execute": [
        20,
        25,
        30,
        40,
        50
    ],
    "thunderlord": [
        20,
        25,
        30,
        40,
        50
    ],
    "lethality": [
        20,
        25,
        30,
        40,
        50
    ],
    "syphon": [
        20,
        25,
        30
    ],
    "vampirism": [
        20,
        25,
        30,
        40,
        50
    ],
    "venomous": [
        20,
        25,
        30,
        40,
        50
    ],
    "triple_strike": [
        20,
        30,
        40,
        75
    ],
    "thunderbolt": [
        20,
        25,
        30,
        40,
        50
    ],
    "PROSECUTE": [
        20,
        25,
        30,
        40,
        50
    ],
    "titan_killer": [
        10,
        20,
        30,
        40,
        50
    ],
    "power": [
        10,
        20,
        30,
        40,
        50
    ],
    "punch": [
        15,
        30
    ],
    "flame": [
        25
    ],
    "infinite_quiver": [
        10,
        15,
        20,
        25,
        30
    ],
    "snipe": [
        20,
        25,
        30
    ],
    "aiming": [
        10,
        20,
        30,
        40,
        50
    ],
    "chance": [
        15,
        30,
        45
    ],
    "piercing": [
        30
    ],
    "efficiency": [
        10,
        15,
        20,
        25,
        30
    ],
    "smelting_touch": [
        5
    ],
    "silk_touch": [
        10
    ],
    "fortune": [
        15,
        30,
        45
    ],
    "lure": [
        10,
        15,
        20,
        25,
        30
    ],
    "luck_of_the_sea": [
        10,
        15,
        20,
        25,
        30
    ],
    "angler": [
        10,
        20,
        30,
        40,
        50
    ],
    "blessing": [
        10,
        20,
        30,
        40,
        50
    ],
    "magnet": [
        20,
        25,
        30,
        40,
        50
    ],
    "frail": [
        20,
        25,
        30,
        40,
        50
    ],
    "caster": [
        20,
        25,
        30,
        40,
        50
    ],
    "spiked_hook": [
        10,
        20,
        30,
        40,
        50
    ],
    "harvesting": [
        5,
        10,
        15,
        20,
        25
    ],
    "projectile_protection": [
        10,
        15,
        20,
        25,
        30
    ],
    "protection": [
        10,
        15,
        20,
        25,
        30
    ],
    "blast_protection": [
        10,
        15,
        20,
        25,
        30
    ],
    "fire_protection": [
        10,
        15,
        20,
        25,
        30
    ],
    "respiration": [
        10,
        20,
        30
    ],
    "aqua_affinity": [
        15
    ],
    "thorns": [
        15,
        30,
        45
    ],
    "growth": [
        10,
        20,
        30,
        40,
        50
    ],
    "feather_falling": [
        10,
        15,
        20,
        25,
        30
    ],
    "frost_walker": [
        10,
        20
    ],
    "depth_strider": [
        10,
        20,
        30
    ]
 }
}
