{
	"SOUL_WHIP":{
		"type":"Wither",
		"dungeonize":300,
		"1":200,
		"2":300,
		"3":400,
		"4":550,
		"5":750
	},
	"JERRY_STAFF":{
		"type":"Wither",
		"dungeonize":0,
		"1":5,
		"2":10,
		"3":25,
		"4":50,
		"5":100
	},
	"CRYPT_WITHERLORD_SWORD":{
		"type":"Wither",
		"1":15,
		"2":25,
		"3":40,
		"4":60,
		"5":100
	},
	"BONZO_STAFF":{
		"type":"Wither",
		"1":5,
		"2":10,
		"3":25,
		"4":50,
		"5":100
	},
	"BONZO_MASK":{
		"type":"Wither",
		"1":5,
		"2":10,
		"3":25,
		"4":50,
		"5":100
	},
	"STONE_BLADE":{
		"type":"Wither",
		"1":15,
		"2":25,
		"3":40,
		"4":60,
		"5":100
	},
	"ADAPTIVE_HELMET":{
		"type":"Wither",
		"1":10,
		"2":25,
		"3":50,
		"4":100,
		"5":150
	},
	"ADAPTIVE_CHESTPLATE":{
		"type":"Wither",
		"1":20,
		"2":50,
		"3":100,
		"4":200,
		"5":300
	},
	"ADAPTIVE_LEGGINGS":{
		"type":"Wither",
		"1":10,
		"2":25,
		"3":50,
		"4":100,
		"5":200
	},
	"ADAPTIVE_BOOTS":{
		"type":"Wither",
		"1":10,
		"2":25,
		"3":50,
		"4":100,
		"5":150
	},
	"SILENT_DEATH":{
		"type":"Wither",
		"1":5,
		"2":10,
		"3":25,
		"4":50,
		"5":100
	},
	"CONJURING_SWORD":{
		"type":"Wither",
		"1":5,
		"2":10,
		"3":25,
		"4":50,
		"5":100
	},
	"SPIRIT_SWORD":{
		"type":"Wither",
		"1":20,
		"2":50,
		"3":100,
		"4":200,
		"5":300
	},
	"ITEM_SPIRIT_BOW":{
		"type":"Wither",
		"1":20,
		"2":50,
		"3":100,
		"4":200,
		"5":300
	},
	"THORNS_BOOTS":{
		"type":"Wither",
		"1":20,
		"2":50,
		"3":100,
		"4":200,
		"5":300
	},
	"SPIRIT_MASK":{
		"type":"Wither",
		"1":20,
		"2":50,
		"3":100,
		"4":200,
		"5":300
	},
	"BONE_BOOMERANG":{
		"type":"Wither",
		"1":20,
		"2":50,
		"3":100,
		"4":200,
		"5":300
	},
	"BAT_WAND":{
		"type":"Wither",
		"1":20,
		"2":50,
		"3":100,
		"4":200,
		"5":300
	},
	"LAST_BREATH":{
		"type":"Wither",
		"1":20,
		"2":50,
		"3":100,
		"4":200,
		"5":300
	},
	"SHADOW_ASSASSIN_HELMET":{
		"type":"Wither",
		"1":25,
		"2":50,
		"3":100,
		"4":200,
		"5":300
	},
	"SHADOW_ASSASSIN_CHESTPLATE":{
		"type":"Wither",
		"1":35,
		"2":75,
		"3":150,
		"4":300,
		"5":500
	},
	"SHADOW_ASSASSIN_LEGGINGS":{
		"type":"Wither",
		"1":30,
		"2":60,
		"3":120,
		"4":250,
		"5":400
	},
	"SHADOW_ASSASSIN_BOOTS":{
		"type":"Wither",
		"1":20,
		"2":50,
		"3":100,
		"4":200,
		"5":300
	},
	"SHADOW_FURY":{
		"type":"Wither",
		"1":50,
		"2":100,
		"3":200,
		"4":400,
		"5":800
	},
	"LIVID_DAGGER":{
		"type":"Wither",
		"1":30,
		"2":60,
		"3":120,
		"4":250,
		"5":400
	},
	"FLOWER_OF_TRUTH":{
		"type":"Wither",
		"1":50,
		"2":100,
		"3":200,
		"4":400,
		"5":800
	},
	"FEL_SWORD":{
		"type":"Wither",
		"1":15,
		"2":25,
		"3":40,
		"4":60,
		"5":100
	},
	"WITHER_CLOAK":{
		"type":"Wither",
		"1":75,
		"2":150,
		"3":300,
		"4":600,
		"5":1200
	},
	"PRECURSOR_EYE":{
		"type":"Wither",
		"1":75,
		"2":150,
		"3":300,
		"4":600,
		"5":1200
	},
	"GIANTS_SWORD":{
		"type":"Wither",
		"1":75,
		"2":150,
		"3":300,
		"4":600,
		"5":1200
	},
	"NECROMANCER_LORD_HELMET":{
		"type":"Wither",
		"1":30,
		"2":60,
		"3":120,
		"4":250,
		"5":400
	},
	"NECROMANCER_LORD_CHESTPLATE":{
		"type":"Wither",
		"1":70,
		"2":150,
		"3":250,
		"4":450,
		"5":750
	},
	"NECROMANCER_LORD_LEGGINGS":{
		"type":"Wither",
		"1":35,
		"2":75,
		"3":150,
		"4":300,
		"5":500
	},
	"NECROMANCER_LORD_BOOTS":{
		"type":"Wither",
		"1":30,
		"2":60,
		"3":120,
		"4":250,
		"5":400
	},
	"NECROMANCER_SWORD":{
		"type":"Wither",
		"1":70,
		"2":150,
		"3":250,
		"4":450,
		"5":750
	},
	"NECRON_BLADE":{
		"type":"Wither",
		"1":150,
		"2":300,
		"3":500,
		"4":900,
		"5":1500
	},
	"HYPERION":{
		"type":"Wither",
		"1":150,
		"2":300,
		"3":500,
		"4":900,
		"5":1500
	},
	"VALKYRIE":{
		"type":"Wither",
		"1":150,
		"2":300,
		"3":500,
		"4":900,
		"5":1500
	},
	"SCYLLA":{
		"type":"Wither",
		"1":150,
		"2":300,
		"3":500,
		"4":900,
		"5":1500
	},
	"ASTRAEA":{
		"type":"Wither",
		"1":150,
		"2":300,
		"3":500,
		"4":900,
		"5":1500
	},
	"WITHER_HELMET":{
		"type":"Wither",
		"1":50,
		"2":100,
		"3":200,
		"4":350,
		"5":500
	},
	"WITHER_CHESTPLATE":{
		"type":"Wither",
		"1":100,
		"2":200,
		"3":350,
		"4":600,
		"5":1000
	},
	"WITHER_LEGGINGS":{
		"type":"Wither",
		"1":75,
		"2":150,
		"3":250,
		"4":400,
		"5":700
	},
	"WITHER_BOOTS":{
		"type":"Wither",
		"1":50,
		"2":100,
		"3":200,
		"4":350,
		"5":500
	},
	"TANK_WITHER_HELMET":{
		"type":"Wither",
		"1":50,
		"2":100,
		"3":200,
		"4":350,
		"5":500
	},
	"TANK_WITHER_CHESTPLATE":{
		"type":"Wither",
		"1":100,
		"2":200,
		"3":350,
		"4":600,
		"5":1000
	},
	"TANK_WITHER_LEGGINGS":{
		"type":"Wither",
		"1":75,
		"2":150,
		"3":250,
		"4":400,
		"5":700
	},
	"TANK_WITHER_BOOTS":{
		"type":"Wither",
		"1":50,
		"2":100,
		"3":200,
		"4":350,
		"5":500
	},
	"SPEED_WITHER_HELMET":{
		"type":"Wither",
		"1":50,
		"2":100,
		"3":200,
		"4":350,
		"5":500
	},
	"SPEED_WITHER_CHESTPLATE":{
		"type":"Wither",
		"1":100,
		"2":200,
		"3":350,
		"4":600,
		"5":1000
	},
	"SPEED_WITHER_LEGGINGS":{
		"type":"Wither",
		"1":75,
		"2":150,
		"3":250,
		"4":400,
		"5":700
	},
	"SPEED_WITHER_BOOTS":{
		"type":"Wither",
		"1":50,
		"2":100,
		"3":200,
		"4":350,
		"5":500
	},
	"WISE_WITHER_HELMET":{
		"type":"Wither",
		"1":50,
		"2":100,
		"3":200,
		"4":350,
		"5":500
	},
	"WISE_WITHER_CHESTPLATE":{
		"type":"Wither",
		"1":100,
		"2":200,
		"3":350,
		"4":600,
		"5":1000
	},
	"WISE_WITHER_LEGGINGS":{
		"type":"Wither",
		"1":75,
		"2":150,
		"3":250,
		"4":400,
		"5":700
	},
	"WISE_WITHER_BOOTS":{
		"type":"Wither",
		"1":50,
		"2":100,
		"3":200,
		"4":350,
		"5":500
	},
	"POWER_WITHER_HELMET":{
		"type":"Wither",
		"1":50,
		"2":100,
		"3":200,
		"4":350,
		"5":500
	},
	"POWER_WITHER_CHESTPLATE":{
		"type":"Wither",
		"1":100,
		"2":200,
		"3":350,
		"4":600,
		"5":1000
	},
	"POWER_WITHER_LEGGINGS":{
		"type":"Wither",
		"1":75,
		"2":150,
		"3":250,
		"4":400,
		"5":700
	},
	"POWER_WITHER_BOOTS":{
		"type":"Wither",
		"1":50,
		"2":100,
		"3":200,
		"4":350,
		"5":500
	},
	"RUNAANS_BOW":{
		"type":"Spider",
		"dungeonize":500,
		"1":50,
		"2":75,
		"3":100,
		"4":125,
		"5":150
	},
	"LEAPING_SWORD":{
		"type":"Spider",
		"dungeonize":20,
		"1":5,
		"2":10,
		"3":15,
		"4":20,
		"5":25
	},
	"SILK_EDGE_SWORD":{
		"type":"Spider",
		"dungeonize":20,
		"1":5,
		"2":10,
		"3":15,
		"4":20,
		"5":25
	},
	"SPIDER_HAT":{
		"type":"Spider",
		"dungeonize":20,
		"1":5,
		"2":10,
		"3":15,
		"4":20,
		"5":25
	},
	"SPIDER_BOOTS":{
		"type":"Spider",
		"dungeonize":20,
		"1":10,
		"2":15,
		"3":20,
		"4":25,
		"5":30
	},
	"MOSQUITO_BOW":{
		"type":"Spider",
		"dungeonize":30,
		"1":15,
		"2":25,
		"3":35,
		"4":45,
		"5":65
	},
	"TARANTULA_HELMET":{
		"type":"Spider",
		"dungeonize":30,
		"1":12,
		"2":25,
		"3":35,
		"4":45,
		"5":65
	},
	"TARANTULA_CHESTPLATE":{
		"type":"Spider",
		"dungeonize":30,
		"1":12,
		"2":25,
		"3":35,
		"4":45,
		"5":65
	},
	"TARANTULA_LEGGINGS":{
		"type":"Spider",
		"dungeonize":20,
		"1":10,
		"2":15,
		"3":20,
		"4":25,
		"5":30
	},
	"TARANTULA_BOOTS":{
		"type":"Spider",
		"dungeonize":20,
		"1":10,
		"2":15,
		"3":20,
		"4":25,
		"5":30
	},
	"SCORPION_BOW":{
		"type":"Spider",
		"dungeonize":20,
		"1":10,
		"2":15,
		"3":20,
		"4":25,
		"5":30
	},
	"PHANTOM_ROD":{
		"type":"Undead",
		"dungeonize":500,
		"1":200,
		"2":300,
		"3":400,
		"4":500,
		"5":600
	},
	"WEREWOLF_HELMET":{
		"type":"Undead",
		"dungeonize":500,
		"1":200,
		"2":300,
		"3":400,
		"4":500,
		"5":600
	},
	"WEREWOLF_CHESTPLATE":{
		"type":"Undead",
		"dungeonize":1000,
		"1":400,
		"2":600,
		"3":800,
		"4":1000,
		"5":1200
	},
	"WEREWOLF_LEGGINGS":{
		"type":"Undead",
		"dungeonize":750,
		"1":300,
		"2":450,
		"3":600,
		"4":750,
		"5":900
	},
	"WEREWOLF_BOOTS":{
		"type":"Undead",
		"dungeonize":500,
		"1":200,
		"2":300,
		"3":400,
		"4":500,
		"5":600
	},
	"PIGMAN_SWORD":{
		"type":"Undead",
		"dungeonize":200,
		"1":100,
		"2":200,
		"3":300,
		"4":400,
		"5":500
	},
	"UNDEAD_SWORD":{
		"type":"Undead",
		"dungeonize":10,
		"1":20,
		"2":30,
		"3":40,
		"4":50,
		"5":60
	},
	"ZOMBIE_SWORD":{
		"type":"Undead",
		"dungeonize":100,
		"1":30,
		"2":45,
		"3":60,
		"4":75,
		"5":90
	},
	"ORNATE_ZOMBIE_SWORD":{
		"type":"Undead",
		"dungeonize":100,
		"1":30,
		"2":45,
		"3":60,
		"4":75,
		"5":90
	},
	"FLORID_ZOMBIE_SWORD":{
		"type":"Undead",
		"dungeonize":100,
		"1":30,
		"2":45,
		"3":60,
		"4":75,
		"5":90
	},
	"SKELETON_HAT":{
		"type":"Undead",
		"dungeonize":40,
		"1":20,
		"2":30,
		"3":40,
		"4":50,
		"5":60
	},
	"ZOMBIE_HAT":{
		"type":"Undead",
		"dungeonize":40,
		"1":20,
		"2":30,
		"3":40,
		"4":50,
		"5":60
	},
	"ZOMBIE_HEART":{
		"type":"Undead",
		"dungeonize":100,
		"1":30,
		"2":45,
		"3":60,
		"4":75,
		"5":90
	},
	"ZOMBIE_CHESTPLATE":{
		"type":"Undead",
		"dungeonize":200,
		"1":40,
		"2":60,
		"3":80,
		"4":100,
		"5":120
	},
	"ZOMBIE_LEGGINGS":{
		"type":"Undead",
		"dungeonize":150,
		"1":40,
		"2":60,
		"3":80,
		"4":100,
		"5":120
	},
	"ZOMBIE_BOOTS":{
		"type":"Undead",
		"dungeonize":120,
		"1":35,
		"2":50,
		"3":65,
		"4":80,
		"5":100
	},
	"SKELETON_HELMET":{
		"type":"Undead",
		"dungeonize":100,
		"1":30,
		"2":45,
		"3":60,
		"4":75,
		"5":90
	},
	"MACHINE_GUN_BOW":{
		"type":"Undead",
		"1":10,
		"2":20,
		"3":40,
		"4":80,
		"5":160
	},
	"CRYPT_BOW":{
		"type":"Undead",
		"1":10,
		"2":20,
		"3":40,
		"4":80,
		"5":160
	},
	"CRYPT_DREADLORD_SWORD":{
		"type":"Undead",
		"1":10,
		"2":15,
		"3":20,
		"4":25,
		"5":30
	},
	"CRYPT_WITHERLORD_HELMET":{
		"type":"Undead",
		"1":10,
		"2":20,
		"3":40,
		"4":80,
		"5":160
	},
	"CRYPT_WITHERLORD_CHESTPLATE":{
		"type":"Undead",
		"1":10,
		"2":20,
		"3":40,
		"4":80,
		"5":160
	},
	"CRYPT_WITHERLORD_LEGGINGS":{
		"type":"Undead",
		"1":10,
		"2":20,
		"3":40,
		"4":80,
		"5":160
	},
	"CRYPT_WITHERLORD_BOOTS":{
		"type":"Undead",
		"1":10,
		"2":20,
		"3":40,
		"4":80,
		"5":160
	},
	"SKELETON_GRUNT_HELMET":{
		"type":"Undead",
		"1":10,
		"2":20,
		"3":40,
		"4":80,
		"5":160
	},
	"SKELETON_GRUNT_CHESTPLATE":{
		"type":"Undead",
		"1":10,
		"2":20,
		"3":40,
		"4":80,
		"5":160
	},
	"SKELETON_GRUNT_LEGGINGS":{
		"type":"Undead",
		"1":10,
		"2":20,
		"3":40,
		"4":80,
		"5":160
	},
	"SKELETON_GRUNT_BOOTS":{
		"type":"Undead",
		"1":10,
		"2":20,
		"3":40,
		"4":80,
		"5":160
	},
	"SNIPER_BOW":{
		"type":"Undead",
		"1":25,
		"2":50,
		"3":100,
		"4":200,
		"5":400
	},
	"SNIPER_HELMET":{
		"type":"Undead",
		"1":10,
		"2":20,
		"3":40,
		"4":80,
		"5":160
	},
	"ROTTEN_HELMET":{
		"type":"Undead",
		"1":10,
		"2":20,
		"3":40,
		"4":80,
		"5":160
	},
	"ROTTEN_CHESTPLATE":{
		"type":"Undead",
		"1":10,
		"2":20,
		"3":40,
		"4":80,
		"5":160
	},
	"ROTTEN_LEGGINGS":{
		"type":"Undead",
		"1":10,
		"2":20,
		"3":40,
		"4":80,
		"5":160
	},
	"ROTTEN_BOOTS":{
		"type":"Undead",
		"1":10,
		"2":20,
		"3":40,
		"4":80,
		"5":160
	},
	"UNDEAD_BOW":{
		"type":"Undead",
		"1":10,
		"2":20,
		"3":40,
		"4":80,
		"5":160
	},
	"STONE_CHESTPLATE":{
		"type":"Undead",
		"1":10,
		"2":20,
		"3":40,
		"4":80,
		"5":160
	},
	"MENDER_HELMET":{
		"type":"Undead",
		"1":10,
		"2":20,
		"3":40,
		"4":80,
		"5":160
	},
	"DARK_GOGGLES":{
		"type":"Undead",
		"1":10,
		"2":20,
		"3":40,
		"4":80,
		"5":160
	},
	"HEAVY_HELMET":{
		"type":"Undead",
		"1":10,
		"2":20,
		"3":40,
		"4":80,
		"5":160
	},
	"HEAVY_CHESTPLATE":{
		"type":"Undead",
		"1":10,
		"2":20,
		"3":40,
		"4":80,
		"5":160
	},
	"HEAVY_LEGGINGS":{
		"type":"Undead",
		"1":10,
		"2":20,
		"3":40,
		"4":80,
		"5":160
	},
	"HEAVY_BOOTS":{
		"type":"Undead",
		"1":10,
		"2":20,
		"3":40,
		"4":80,
		"5":160
	},
	"SUPER_HEAVY_HELMET":{
		"type":"Undead",
		"1":25,
		"2":50,
		"3":100,
		"4":200,
		"5":400
	},
	"SUPER_HEAVY_CHESTPLATE":{
		"type":"Undead",
		"1":25,
		"2":50,
		"3":100,
		"4":200,
		"5":400
	},
	"SUPER_HEAVY_LEGGINGS":{
		"type":"Undead",
		"1":25,
		"2":50,
		"3":100,
		"4":200,
		"5":400
	},
	"SUPER_HEAVY_BOOTS":{
		"type":"Undead",
		"1":25,
		"2":50,
		"3":100,
		"4":200,
		"5":400
	},
	"STINGER_BOW":{
		"type":"Undead",
		"1":10,
		"2":15,
		"3":20,
		"4":25,
		"5":30
	},
	"BOUNCY_HELMET":{
		"type":"Undead",
		"1":10,
		"2":20,
		"3":40,
		"4":80,
		"5":160
	},
	"BOUNCY_CHESTPLATE":{
		"type":"Undead",
		"1":10,
		"2":20,
		"3":40,
		"4":80,
		"5":160
	},
	"BOUNCY_LEGGINGS":{
		"type":"Undead",
		"1":10,
		"2":20,
		"3":40,
		"4":80,
		"5":160
	},
	"BOUNCY_BOOTS":{
		"type":"Undead",
		"1":10,
		"2":20,
		"3":40,
		"4":80,
		"5":160
	},
	"SKELETON_MASTER_HELMET":{
		"type":"Undead",
		"1":15,
		"2":30,
		"3":60,
		"4":120,
		"5":240
	},
	"SKELETON_MASTER_CHESTPLATE":{
		"type":"Undead",
		"1":15,
		"2":30,
		"3":60,
		"4":120,
		"5":240
	},
	"SKELETON_MASTER_LEGGINGS":{
		"type":"Undead",
		"1":15,
		"2":30,
		"3":60,
		"4":120,
		"5":240
	},
	"SKELETON_MASTER_BOOTS":{
		"type":"Undead",
		"1":15,
		"2":30,
		"3":60,
		"4":120,
		"5":240
	},
	"SKELETON_SOLDIER_HELMET":{
		"type":"Undead",
		"1":15,
		"2":30,
		"3":60,
		"4":120,
		"5":240
	},
	"SKELETON_SOLDIER_CHESTPLATE":{
		"type":"Undead",
		"1":15,
		"2":30,
		"3":60,
		"4":120,
		"5":240
	},
	"SKELETON_SOLDIER_LEGGINGS":{
		"type":"Undead",
		"1":15,
		"2":30,
		"3":60,
		"4":120,
		"5":240
	},
	"SKELETON_SOLDIER_BOOTS":{
		"type":"Undead",
		"1":15,
		"2":30,
		"3":60,
		"4":120,
		"5":240
	},
	"ZOMBIE_SOLDIER_HELMET":{
		"type":"Undead",
		"1":15,
		"2":30,
		"3":60,
		"4":120,
		"5":240
	},
	"ZOMBIE_SOLDIER_CHESTPLATE":{
		"type":"Undead",
		"1":15,
		"2":30,
		"3":60,
		"4":120,
		"5":240
	},
	"ZOMBIE_SOLDIER_LEGGINGS":{
		"type":"Undead",
		"1":15,
		"2":30,
		"3":60,
		"4":120,
		"5":240
	},
	"ZOMBIE_SOLDIER_BOOTS":{
		"type":"Undead",
		"1":15,
		"2":30,
		"3":60,
		"4":120,
		"5":240
	},
	"ZOMBIE_KNIGHT_HELMET":{
		"type":"Undead",
		"1":20,
		"2":40,
		"3":80,
		"4":160,
		"5":320
	},
	"ZOMBIE_KNIGHT_CHESTPLATE":{
		"type":"Undead",
		"1":20,
		"2":40,
		"3":80,
		"4":160,
		"5":320
	},
	"ZOMBIE_KNIGHT_LEGGINGS":{
		"type":"Undead",
		"1":20,
		"2":40,
		"3":80,
		"4":160,
		"5":320
	},
	"ZOMBIE_KNIGHT_BOOTS":{
		"type":"Undead",
		"1":20,
		"2":40,
		"3":80,
		"4":160,
		"5":320
	},
	"ZOMBIE_KNIGHT_SWORD":{
		"type":"Undead",
		"1":20,
		"2":40,
		"3":80,
		"4":160,
		"5":320
	},
	"ZOMBIE_COMMANDER_HELMET":{
		"type":"Undead",
		"1":25,
		"2":50,
		"3":100,
		"4":200,
		"5":400
	},
	"ZOMBIE_COMMANDER_CHESTPLATE":{
		"type":"Undead",
		"1":25,
		"2":50,
		"3":100,
		"4":200,
		"5":400
	},
	"ZOMBIE_COMMANDER_LEGGINGS":{
		"type":"Undead",
		"1":25,
		"2":50,
		"3":100,
		"4":200,
		"5":400
	},
	"ZOMBIE_COMMANDER_BOOTS":{
		"type":"Undead",
		"1":25,
		"2":50,
		"3":100,
		"4":200,
		"5":400
	},
	"ZOMBIE_COMMANDER_WHIP":{
		"type":"Undead",
		"1":25,
		"2":50,
		"3":100,
		"4":200,
		"5":400
	},
	"ZOMBIE_LORD_HELMET":{
		"type":"Undead",
		"1":25,
		"2":50,
		"3":100,
		"4":200,
		"5":400
	},
	"ZOMBIE_LORD_CHESTPLATE":{
		"type":"Undead",
		"1":25,
		"2":50,
		"3":100,
		"4":200,
		"5":400
	},
	"ZOMBIE_LORD_LEGGINGS":{
		"type":"Undead",
		"1":25,
		"2":50,
		"3":100,
		"4":200,
		"5":400
	},
	"ZOMBIE_LORD_BOOTS":{
		"type":"Undead",
		"1":25,
		"2":50,
		"3":100,
		"4":200,
		"5":400
	},
	"SKELETON_LORD_HELMET":{
		"type":"Undead",
		"1":25,
		"2":50,
		"3":100,
		"4":200,
		"5":400
	},
	"SKELETON_LORD_CHESTPLATE":{
		"type":"Undead",
		"1":25,
		"2":50,
		"3":100,
		"4":200,
		"5":400
	},
	"SKELETON_LORD_LEGGINGS":{
		"type":"Undead",
		"1":25,
		"2":50,
		"3":100,
		"4":200,
		"5":400
	},
	"SKELETON_LORD_BOOTS":{
		"type":"Undead",
		"1":25,
		"2":50,
		"3":100,
		"4":200,
		"5":400
	},
	"SKELETOR_HELMET":{
		"type":"Undead",
		"1":15,
		"2":30,
		"3":60,
		"4":120,
		"5":240
	},
	"SKELETOR_CHESTPLATE":{
		"type":"Undead",
		"1":15,
		"2":30,
		"3":60,
		"4":120,
		"5":240
	},
	"SKELETOR_LEGGINGS":{
		"type":"Undead",
		"1":15,
		"2":30,
		"3":60,
		"4":120,
		"5":240
	},
	"SKELETOR_BOOTS":{
		"type":"Undead",
		"1":15,
		"2":30,
		"3":60,
		"4":120,
		"5":240
	},
	"ZOMBIE_SOLDIER_CUTLASS":{
		"type":"Undead",
		"1":15,
		"2":30,
		"3":60,
		"4":120,
		"5":240
	},
	"METAL_CHESTPLATE":{
		"type":"Undead",
		"1":20,
		"2":40,
		"3":80,
		"4":150,
		"5":300
	},
	"MENDER_FEDORA":{
		"type":"Undead",
		"1":20,
		"2":40,
		"3":80,
		"4":150,
		"5":300
	},
	"SHADOW_GOGGLES":{
		"type":"Undead",
		"1":20,
		"2":40,
		"3":80,
		"4":150,
		"5":300
	},
	"SUPER_UNDEAD_BOW":{
		"type":"Undead",
		"1":20,
		"2":40,
		"3":80,
		"4":150,
		"5":300
	},
	"EARTH_SHARD":{
		"type":"Undead",
		"1":50,
		"2":100,
		"3":200,
		"4":400,
		"5":600
	},
	"STEEL_CHESTPLATE":{
		"type":"Undead",
		"1":40,
		"2":80,
		"3":150,
		"4":300,
		"5":600
	},
	"MENDER_CROWN":{
		"type":"Undead",
		"1":40,
		"2":80,
		"3":150,
		"4":300,
		"5":600
	},
	"WITHER_GOGGLES":{
		"type":"Undead",
		"1":40,
		"2":80,
		"3":150,
		"4":300,
		"5":600
	},
	"DEATH_BOW":{
		"type":"Undead",
		"1":40,
		"2":80,
		"3":150,
		"4":300,
		"5":600
	},
	"CRYSTALLIZED_HEART":{
		"type":"Undead",
		"dungeonize":100,
		"1":30,
		"2":45,
		"3":60,
		"4":75,
		"5":90
	},
	"REVIVED_HEART":{
		"type":"Undead",
		"dungeonize":100,
		"1":30,
		"2":45,
		"3":60,
		"4":75,
		"5":90
	},
	"REAPER_MASK":{
		"type":"Undead",
		"dungeonize":500,
		"1":200,
		"2":400,
		"3":600,
		"4":850,
		"5":1200
	},
	"REAPER_SCYTHE":{
		"type":"Undead",
		"dungeonize":200,
		"1":300,
		"2":450,
		"3":600,
		"4":700,
		"5":900
	},
	"REVENANT_SWORD":{
		"type":"Undead",
		"dungeonize":500,
		"1":200,
		"2":400,
		"3":600,
		"4":800,
		"5":1000
	},
	"REAPER_SWORD":{
		"type":"Undead",
		"dungeonize":500,
		"1":200,
		"2":400,
		"3":600,
		"4":800,
		"5":1000
	},
	"AXE_OF_THE_SHREDDED":{
		"type":"Undead",
		"dungeonize":500,
		"1":200,
		"2":400,
		"3":600,
		"4":800,
		"5":1000
	},
	"ASPECT_OF_THE_DRAGON":{
		"type":"Dragon",
		"dungeonize":150,
		"1":150,
		"2":300,
		"3":450,
		"4":600,
		"5":750
	},
	"YOUNG_DRAGON_HELMET":{
		"type":"Dragon",
		"dungeonize":40,
		"1":20,
		"2":30,
		"3":50,
		"4":100,
		"5":150
	},
	"YOUNG_DRAGON_CHESTPLATE":{
		"type":"Dragon",
		"dungeonize":70,
		"1":30,
		"2":50,
		"3":80,
		"4":120,
		"5":180
	},
	"YOUNG_DRAGON_LEGGINGS":{
		"type":"Dragon",
		"dungeonize":60,
		"1":25,
		"2":40,
		"3":65,
		"4":110,
		"5":160
	},
	"YOUNG_DRAGON_BOOTS":{
		"type":"Dragon",
		"dungeonize":35,
		"1":20,
		"2":30,
		"3":40,
		"4":90,
		"5":140
	},
	"OLD_DRAGON_HELMET":{
		"type":"Dragon",
		"dungeonize":40,
		"1":20,
		"2":30,
		"3":50,
		"4":100,
		"5":150
	},
	"OLD_DRAGON_CHESTPLATE":{
		"type":"Dragon",
		"dungeonize":70,
		"1":30,
		"2":50,
		"3":80,
		"4":120,
		"5":180
	},
	"OLD_DRAGON_LEGGINGS":{
		"type":"Dragon",
		"dungeonize":60,
		"1":25,
		"2":40,
		"3":65,
		"4":110,
		"5":160
	},
	"OLD_DRAGON_BOOTS":{
		"type":"Dragon",
		"dungeonize":35,
		"1":20,
		"2":30,
		"3":40,
		"4":90,
		"5":140
	},
	"STRONG_DRAGON_HELMET":{
		"type":"Dragon",
		"dungeonize":40,
		"1":20,
		"2":30,
		"3":50,
		"4":100,
		"5":150
	},
	"STRONG_DRAGON_CHESTPLATE":{
		"type":"Dragon",
		"dungeonize":70,
		"1":30,
		"2":50,
		"3":80,
		"4":120,
		"5":180
	},
	"STRONG_DRAGON_LEGGINGS":{
		"type":"Dragon",
		"dungeonize":60,
		"1":25,
		"2":40,
		"3":65,
		"4":110,
		"5":160
	},
	"STRONG_DRAGON_BOOTS":{
		"type":"Dragon",
		"dungeonize":35,
		"1":20,
		"2":30,
		"3":40,
		"4":90,
		"5":140
	},
	"PROTECTOR_DRAGON_HELMET":{
		"type":"Dragon",
		"dungeonize":40,
		"1":20,
		"2":30,
		"3":50,
		"4":100,
		"5":150
	},
	"PROTECTOR_DRAGON_CHESTPLATE":{
		"type":"Dragon",
		"dungeonize":70,
		"1":30,
		"2":50,
		"3":80,
		"4":120,
		"5":180
	},
	"PROTECTOR_DRAGON_LEGGINGS":{
		"type":"Dragon",
		"dungeonize":60,
		"1":25,
		"2":40,
		"3":65,
		"4":110,
		"5":160
	},
	"PROTECTOR_DRAGON_BOOTS":{
		"type":"Dragon",
		"dungeonize":35,
		"1":20,
		"2":30,
		"3":40,
		"4":90,
		"5":140
	},
	"WISE_DRAGON_HELMET":{
		"type":"Dragon",
		"dungeonize":40,
		"1":20,
		"2":30,
		"3":50,
		"4":100,
		"5":150
	},
	"WISE_DRAGON_CHESTPLATE":{
		"type":"Dragon",
		"dungeonize":70,
		"1":30,
		"2":50,
		"3":80,
		"4":120,
		"5":180
	},
	"WISE_DRAGON_LEGGINGS":{
		"type":"Dragon",
		"dungeonize":60,
		"1":25,
		"2":40,
		"3":65,
		"4":110,
		"5":160
	},
	"WISE_DRAGON_BOOTS":{
		"type":"Dragon",
		"dungeonize":35,
		"1":20,
		"2":30,
		"3":40,
		"4":90,
		"5":140
	},
	"UNSTABLE_DRAGON_HELMET":{
		"type":"Dragon",
		"dungeonize":40,
		"1":20,
		"2":30,
		"3":50,
		"4":100,
		"5":150
	},
	"UNSTABLE_DRAGON_CHESTPLATE":{
		"type":"Dragon",
		"dungeonize":70,
		"1":30,
		"2":50,
		"3":80,
		"4":120,
		"5":180
	},
	"UNSTABLE_DRAGON_LEGGINGS":{
		"type":"Dragon",
		"dungeonize":60,
		"1":25,
		"2":40,
		"3":65,
		"4":110,
		"5":160
	},
	"UNSTABLE_DRAGON_BOOTS":{
		"type":"Dragon",
		"dungeonize":35,
		"1":20,
		"2":30,
		"3":40,
		"4":90,
		"5":140
	},
	"SUPERIOR_DRAGON_HELMET":{
		"type":"Dragon",
		"dungeonize":70,
		"1":40,
		"2":60,
		"3":100,
		"4":200,
		"5":300
	},
	"SUPERIOR_DRAGON_CHESTPLATE":{
		"type":"Dragon",
		"dungeonize":100,
		"1":60,
		"2":100,
		"3":160,
		"4":240,
		"5":360
	},
	"SUPERIOR_DRAGON_LEGGINGS":{
		"type":"Dragon",
		"dungeonize":85,
		"1":50,
		"2":80,
		"3":130,
		"4":220,
		"5":320
	},
	"SUPERIOR_DRAGON_BOOTS":{
		"type":"Dragon",
		"dungeonize":60,
		"1":40,
		"2":60,
		"3":80,
		"4":180,
		"5":280
	},
	"HOLY_DRAGON_HELMET":{
		"type":"Dragon",
		"dungeonize":40,
		"1":20,
		"2":30,
		"3":50,
		"4":100,
		"5":150
	},
	"HOLY_DRAGON_CHESTPLATE":{
		"type":"Dragon",
		"dungeonize":70,
		"1":30,
		"2":50,
		"3":80,
		"4":120,
		"5":180
	},
	"HOLY_DRAGON_LEGGINGS":{
		"type":"Dragon",
		"dungeonize":60,
		"1":25,
		"2":40,
		"3":65,
		"4":110,
		"5":160
	},
	"HOLY_DRAGON_BOOTS":{
		"type":"Dragon",
		"dungeonize":35,
		"1":20,
		"2":30,
		"3":40,
		"4":90,
		"5":140
	},
	"TERMINATOR":{
		"type":"Dragon",
		"dungeonize":300,
		"1":100,
		"2":200,
		"3":300,
		"4":500,
		"5":750
	},
	"SINSEEKER_SCYTHE":{
		"type":"Dragon",
		"dungeonize":250,
		"1":70,
		"2":140,
		"3":210,
		"4":350,
		"5":600
	},
	"JUJU_SHORTBOW":{
		"type":"Dragon",
		"dungeonize":150,
		"1":30,
		"2":60,
		"3":120,
		"4":200,
		"5":300
	},
	"MIDAS_STAFF":{
		"type":"Gold",
		"dungeonize":100,
		"1":50,
		"2":100,
		"3":150,
		"4":200,
		"5":250
	},
	"ROGUE_SWORD":{
		"type":"Gold",
		"dungeonize":5,
		"1":5,
		"2":10,
		"3":15,
		"4":20,
		"5":25
	},
	"MIDAS_SWORD":{
		"type":"Gold",
		"dungeonize":100,
		"1":25,
		"2":50,
		"3":75,
		"4":125,
		"5":200
	},
	"SUPER_CLEAVER":{
		"type":"Gold",
		"1":1,
		"2":1,
		"3":2,
		"4":2,
		"5":3
	},
	"HYPER_CLEAVER":{
		"type":"Gold",
		"1":5,
		"2":10,
		"3":15,
		"4":20,
		"5":25
	},
	"GIANT_CLEAVER":{
		"type":"Gold",
		"1":10,
		"2":20,
		"3":30,
		"4":40,
		"5":50
	},
	"GOLD_BONZO_HEAD":{
		"type":"Gold",
		"1":50,
		"2":75,
		"3":125,
		"4":250,
		"5":500
	},
	"GOLD_SCARF_HEAD":{
		"type":"Gold",
		"1":50,
		"2":75,
		"3":125,
		"4":250,
		"5":500
	},
	"GOLD_PROFESSOR_HEAD":{
		"type":"Gold",
		"1":50,
		"2":75,
		"3":125,
		"4":250,
		"5":500
	},
	"GOLD_THORN_HEAD":{
		"type":"Gold",
		"1":50,
		"2":75,
		"3":125,
		"4":250,
		"5":500
	},
	"GOLD_LIVID_HEAD":{
		"type":"Gold",
		"1":50,
		"2":75,
		"3":125,
		"4":250,
		"5":500
	},
	"GOLD_SADAN_HEAD":{
		"type":"Gold",
		"1":50,
		"2":75,
		"3":125,
		"4":250,
		"5":500
	},
	"GOLD_NECRON_HEAD":{
		"type":"Gold",
		"1":50,
		"2":75,
		"3":125,
		"4":250,
		"5":500
	},
	"HARDENED_DIAMOND_HELMET":{
		"type":"Diamond",
		"dungeonize":10,
		"1":5,
		"2":10,
		"3":15,
		"4":20,
		"5":25
	},
	"HARDENED_DIAMOND_CHESTPLATE":{
		"type":"Diamond",
		"dungeonize":10,
		"1":5,
		"2":10,
		"3":15,
		"4":20,
		"5":25
	},
	"HARDENED_DIAMOND_LEGGINGS":{
		"type":"Diamond",
		"dungeonize":10,
		"1":5,
		"2":10,
		"3":15,
		"4":20,
		"5":25
	},
	"HARDENED_DIAMOND_BOOTS":{
		"type":"Diamond",
		"dungeonize":10,
		"1":5,
		"2":10,
		"3":15,
		"4":20,
		"5":25
	},
	"PERFECT_HELMET_1":{
		"type":"Diamond",
		"dungeonize":40,
		"1":20,
		"2":30,
		"3":50,
		"4":100,
		"5":150
	},
	"PERFECT_CHESTPLATE_1":{
		"type":"Diamond",
		"dungeonize":70,
		"1":30,
		"2":50,
		"3":80,
		"4":120,
		"5":180
	},
	"PERFECT_LEGGINGS_1":{
		"type":"Diamond",
		"dungeonize":60,
		"1":25,
		"2":40,
		"3":65,
		"4":110,
		"5":160
	},
	"PERFECT_BOOTS_1":{
		"type":"Diamond",
		"dungeonize":35,
		"1":20,
		"2":30,
		"3":40,
		"4":90,
		"5":140
	},
	"DIAMOND_BONZO_HEAD":{
		"type":"Diamond",
		"1":50,
		"2":75,
		"3":125,
		"4":250,
		"5":500
	},
	"DIAMOND_SCARF_HEAD":{
		"type":"Diamond",
		"1":50,
		"2":75,
		"3":125,
		"4":250,
		"5":500
	},
	"DIAMOND_PROFESSOR_HEAD":{
		"type":"Diamond",
		"1":50,
		"2":75,
		"3":125,
		"4":250,
		"5":500
	},
	"DIAMOND_THORN_HEAD":{
		"type":"Diamond",
		"1":50,
		"2":75,
		"3":125,
		"4":250,
		"5":500
	},
	"DIAMOND_LIVID_HEAD":{
		"type":"Diamond",
		"1":50,
		"2":75,
		"3":125,
		"4":250,
		"5":500
	},
	"DIAMOND_SADAN_HEAD":{
		"type":"Diamond",
		"1":50,
		"2":75,
		"3":125,
		"4":250,
		"5":500
	},
	"DIAMOND_NECRON_HEAD":{
		"type":"Diamond",
		"1":50,
		"2":75,
		"3":125,
		"4":250,
		"5":500
	},
	"YETI_SWORD":{
		"type":"Ice",
		"dungeonize":100,
		"1":100,
		"2":150,
		"3":200,
		"4":250,
		"5":300
	},
	"FROZEN_BLAZE_HELMET":{
		"type":"Ice",
		"dungeonize":400,
		"1":100,
		"2":125,
		"3":150,
		"4":175,
		"5":200
	},
	"FROZEN_BLAZE_CHESTPLATE":{
		"type":"Ice",
		"dungeonize":40,
		"1":10,
		"2":15,
		"3":25,
		"4":35,
		"5":60
	},
	"FROZEN_BLAZE_LEGGINGS":{
		"type":"Ice",
		"dungeonize":60,
		"1":15,
		"2":20,
		"3":30,
		"4":40,
		"5":65
	},
	"FROZEN_BLAZE_BOOTS":{
		"type":"Ice",
		"dungeonize":30,
		"1":5,
		"2":10,
		"3":20,
		"4":30,
		"5":55
	},
	"FROZEN_SCYTHE":{
		"type":"Ice",
		"dungeonize":50,
		"1":10,
		"2":15,
		"3":20,
		"4":25,
		"5":30
	},
	"ICE_SPRAY_WAND":{
		"type":"Ice",
		"1":20,
		"2":50,
		"3":100,
		"4":200,
		"5":300
	}
}
