{
  "item_types": [
    "sword",
    "bow",
    "fishing rod",
    "wand",
    "axe",
    "hoe",
    "shovel",
    "pickaxe",
    "accessory",
    "helmet",
    "chestplate",
    "leggings",
    "boots",
    "drill"
  ],

  "tier_colors": {
    "common": "§f",
    "uncommon": "§a",
    "rare": "§9",
    "epic": "§5",
    "legendary": "§6",
    "mythic": "§d",
    "supreme": "§4",
    "special": "§c",
    "very special": "§c"
  },

  "special_enchants": [
    "Sharpness 6",
    "Sharpness VI",
    "Giant Killer 6",
    "Giant Killer VI",
    "Bane of Arthropods 6",
    "Bane of Arthropods VI",
    "Critical 6",
    "Critical VI",
    "Ender Slayer 6",
    "Ender Slayer VI",
    "Experience 4",
    "Experience IV",
    "Life Steal 4",
    "Life Steal IV",
    "Looting 4",
    "Looting IV",
    "Luck 6",
    "Luck VI",
    "Scavenger 4",
    "Scavenger IV",
    "Smite 6",
    "Smite VI",
    "Vampirism 6",
    "Vampirism VI",
    "Power 6",
    "Power VI",
    "Growth 6",
    "Growth VI",
    "Protection 6",
    "Protection VI",
    "True Protection 1",
    "True Protection I",
    "Sugar Rush 3",
    "Sugar Rush III",
    "Efficiency 6",
    "Efficiency VI",
    "Angler 6",
    "Angler VI",
    "Caster 6",
    "Caster VI",
    "Frail 6",
    "Frail VI",
    "Luck of the Sea 6",
    "Luck of the Sea VI",
    "Lure 6",
    "Lure VI",
    "Magnet 6",
    "Magnet VI",
    "Spiked Hook 6",
    "Spiked Hook VI",
    "Dragon Hunter 5",
    "Dragon Hunter V",
    "Feather Falling 10",
    "Feather Falling X",
    "Infinite Quiver 10",
    "Infinite Quiver X"
  ],

  "base_stats": {
    "damage": 0,
    "health": 100,
    "defence": 0,
    "effective_health": 100,
    "strength": 0,
    "damage_increase": 0,
    "speed": 100,
    "crit_chance": 30,
    "crit_damage": 50,
    "bonus_attack_speed": 0,
    "intelligence": 0,
    "sea_creature_chance": 20,
    "magic_find": 10,
    "pet_luck": 0,
    "ferocity": 0,
    "ability_damage": 0
  },

  "slayer_cost": [
    100,
    2000,
    10000,
    50000,
    100000
  ],

  "mob_names": {
    "unburried_zombie": "Crypt Ghoul",
    "zealot_enderman": "Zealot",
    "invisible_creeper": "Sneaky Creeper",
    "generator_ghast": "Minion Ghast",
    "generator_magma_cube": "Minion Magma Cube",
    "generator_slime": "Minion Slime",
    "brood_mother_spider": "Brood Mother"
  },

  "area_names": {
    "dynamic": "Private Island",
    "hub": "Hub",
    "mining_1": "Gold Mine",
    "mining_2": "Deep Caverns",
    "mining_3": "Dwarven Mines",
    "combat_1": "Spider's Den",
    "combat_2": "Blazing Fortress",
    "combat_3": "The End",
    "farming_1": "The Farming Islands",
    "foraging_1": "The Park",
    "winter": "Jerry's Workshop",
    "dungeon": "Dungeon",
    "dungeon_hub": "Dungeon Hub"
  },

  "bag_size": {
    "talisman_bag": {
      "collection": "REDSTONE",
      "sizes": [
        {
          "tier": 2,
          "slots": 3
        },
        {
          "tier": 7,
          "slots": 9
        },
        {
          "tier": 9,
          "slots": 15
        },
        {
          "tier": 10,
          "slots": 21
        },
        {
          "tier": 11,
          "slots": 27
        },
        {
          "tier": 12,
          "slots": 33
        },
        {
          "tier": 13,
          "slots": 39
        },
        {
          "tier": 14,
          "slots": 45
        }
      ]
    },
  
    "potion_bag": {
      "collection": "NETHER_STALK",
      "sizes": [
        {
          "tier": 2,
          "slots": 9
        },
        {
          "tier": 5,
          "slots": 18
        },
        {
          "tier": 8,
          "slots": 27
        },
        {
          "tier": 10,
          "slots": 36
        },
        {
          "tier": 11,
          "slots": 45
        }
      ]
    },
  
    "fishing_bag": {
      "collection": "RAW_FISH",
      "sizes": [
        {
          "tier": 3,
          "slots": 9
        },
        {
          "tier": 7,
          "slots": 18
        },
        {
          "tier": 9,
          "slots": 27
        },
        {
          "tier": 10,
          "slots": 36
        },
        {
          "tier": 11,
          "slots": 45
        }
      ]
    },
  
    "quiver": {
      "collection": "STRING",
      "sizes": [
        {
          "tier": 3,
          "slots": 27
        },
        {
          "tier": 6,
          "slots": 36
        },
        {
          "tier": 9,
          "slots": 45
        }
      ]
    }
  },

  "talisman_upgrades": {
    "WOLF_TALISMAN": [
      "WOLF_RING"
    ],
    "RING_POTION_AFFINITY": [
      "ARTIFACT_POTION_AFFINITY"
    ],
    "POTION_AFFINITY_TALISMAN": [
      "RING_POTION_AFFINITY",
      "ARTIFACT_POTION_AFFINITY"
    ],
    "FEATHER_RING": [
      "FEATHER_ARTIFACT"
    ],
    "FEATHER_TALISMAN": [
      "FEATHER_RING",
      "FEATHER_ARTIFACT"
    ],
    "SEA_CREATURE_RING": [
      "SEA_CREATURE_ARTIFACT"
    ],
    "SEA_CREATURE_TALISMAN": [
      "SEA_CREATURE_RING",
      "SEA_CREATURE_ARTIFACT"
    ],
    "HEALING_TALISMAN": [
      "HEALING_RING"
    ],
    "CANDY_RING": [
      "CANDY_ARTIFACT",
      "CANDY_RELIC"
    ],
    "CANDY_TALISMAN": [
      "CANDY_RING",
      "CANDY_ARTIFACT",
      "CANDY_RELIC"
    ],
    "CANDY_ARTIFACT": [
      "CANDY_RELIC"
    ],
    "INTIMIDATION_RING": [
      "INTIMIDATION_ARTIFACT"
    ],
    "INTIMIDATION_TALISMAN": [
      "INTIMIDATION_RING",
      "INTIMIDATION_ARTIFACT"
    ],
    "SPIDER_RING": [
      "SPIDER_ARTIFACT"
    ],
    "SPIDER_TALISMAN": [
      "SPIDER_RING",
      "SPIDER_ARTIFACT"
    ],
    "RED_CLAW_RING": [
      "RED_CLAW_ARTIFACT"
    ],
    "RED_CLAW_TALISMAN": [
      "RED_CLAW_RING",
      "RED_CLAW_ARTIFACT"
    ],
    "HUNTER_TALISMAN": [
      "HUNTER_RING"
    ],
    "ZOMBIE_RING": [
      "ZOMBIE_ARTIFACT"
    ],
    "ZOMBIE_TALISMAN": [
      "ZOMBIE_RING",
      "ZOMBIE_ARTIFACT"
    ],
    "BAT_RING": [
      "BAT_ARTIFACT"
    ],
    "BAT_TALISMAN": [
      "BAT_RING",
      "BAT_ARTIFACT"
    ],
    "BROKEN_PIGGY_BANK": [
      "CRACKED_PIGGY_BANK",
      "PIGGY_BANK"
    ],
    "CRACKED_PIGGY_BANK": [
      "PIGGY_BANK"
    ],
    "SPEED_TALISMAN": [
      "SPEED_RING",
      "SPEED_ARTIFACT"
    ],
    "SPEED_RING": [
      "SPEED_ARTIFACT"
    ],
    "PERSONAL_COMPACTOR_4000": [
      "PERSONAL_COMPACTOR_5000",
      "PERSONAL_COMPACTOR_6000",
      "PERSONAL_COMPACTOR_7000"
    ],
    "PERSONAL_COMPACTOR_5000": [
      "PERSONAL_COMPACTOR_6000",
      "PERSONAL_COMPACTOR_7000"
    ],
    "PERSONAL_COMPACTOR_6000": [
      "PERSONAL_COMPACTOR_7000"
    ],
    "SCARF_STUDIES": [
      "SCARF_THESIS",
      "SCARF_GRIMOIRE"
    ],
    "SCARF_THESIS": [
      "SCARF_GRIMOIRE"
    ],
    "CAT_TALISMAN": [
      "LYNX_TALISMAN",
      "CHEETAH_TALISMAN"
    ],
    "LYNX_TALISMAN": [
      "CHEETAH_TALISMAN"
    ],
    "SHADY_RING": [
      "CROOKED_ARTIFACT",
      "SEAL_OF_THE_FAMILY"
    ],
    "CROOKED_ARTIFACT": [
      "SEAL_OF_THE_FAMILY"
    ],
    "TREASURE_TALISMAN": [
      "TREASURE_RING",
      "TREASURE_ARTIFACT"
    ],
    "TREASURE_RING": [
      "TREASURE_ARTIFACT"
    ],
    "BEASTMASTER_CREST_COMMON": [
      "BEASTMASTER_CREST_UNCOMMON",
      "BEASTMASTER_CREST_RARE",
      "BEASTMASTER_CREST_EPIC",
      "BEASTMASTER_CREST_LEGENDARY"
    ],
    "BEASTMASTER_CREST_UNCOMMON": [
      "BEASTMASTER_CREST_RARE",
      "BEASTMASTER_CREST_EPIC",
      "BEASTMASTER_CREST_LEGENDARY"
    ],
    "BEASTMASTER_CREST_RARE": [
      "BEASTMASTER_CREST_EPIC",
      "BEASTMASTER_CREST_LEGENDARY"
    ],
    "BEASTMASTER_CREST_EPIC": [
      "BEASTMASTER_CREST_LEGENDARY"
    ],
    "RAGGEDY_SHARK_TOOTH_NECKLACE": [
      "DULL_SHARK_TOOTH_NECKLACE",
      "HONED_SHARK_TOOTH_NECKLACE",
      "SHARP_SHARK_TOOTH_NECKLACE",
      "RAZOR_SHARP_SHARK_TOOTH_NECKLACE"
    ],
    "DULL_SHARK_TOOTH_NECKLACE": [
      "HONED_SHARK_TOOTH_NECKLACE",
      "SHARP_SHARK_TOOTH_NECKLACE",
      "RAZOR_SHARP_SHARK_TOOTH_NECKLACE"
    ],
    "HONED_SHARK_TOOTH_NECKLACE": [
      "SHARP_SHARK_TOOTH_NECKLACE",
      "RAZOR_SHARP_SHARK_TOOTH_NECKLACE"
    ],
    "SHARP_SHARK_TOOTH_NECKLACE": [
      "RAZOR_SHARP_SHARK_TOOTH_NECKLACE"
    ],
    "WEDDING_RING_0": [
      "WEDDING_RING_1",
      "WEDDING_RING_2",
      "WEDDING_RING_3",
      "WEDDING_RING_4",
      "WEDDING_RING_5",
      "WEDDING_RING_6",
      "WEDDING_RING_7",
      "WEDDING_RING_8",
      "WEDDING_RING_9"
    ],
    "WEDDING_RING_1": [
      "WEDDING_RING_2",
      "WEDDING_RING_3",
      "WEDDING_RING_4",
      "WEDDING_RING_5",
      "WEDDING_RING_6",
      "WEDDING_RING_7",
      "WEDDING_RING_8",
      "WEDDING_RING_9"
    ],
    "WEDDING_RING_2": [
      "WEDDING_RING_3",
      "WEDDING_RING_4",
      "WEDDING_RING_5",
      "WEDDING_RING_6",
      "WEDDING_RING_7",
      "WEDDING_RING_8",
      "WEDDING_RING_9"
    ],
    "WEDDING_RING_3": [
      "WEDDING_RING_4",
      "WEDDING_RING_5",
      "WEDDING_RING_6",
      "WEDDING_RING_7",
      "WEDDING_RING_8",
      "WEDDING_RING_9"
    ],
    "WEDDING_RING_4": [
      "WEDDING_RING_5",
      "WEDDING_RING_6",
      "WEDDING_RING_7",
      "WEDDING_RING_8",
      "WEDDING_RING_9"
    ],
    "WEDDING_RING_5": [
      "WEDDING_RING_6",
      "WEDDING_RING_7",
      "WEDDING_RING_8",
      "WEDDING_RING_9"
    ],
    "WEDDING_RING_6": [
      "WEDDING_RING_7",
      "WEDDING_RING_8",
      "WEDDING_RING_9"
    ],
    "WEDDING_RING_7": [
      "WEDDING_RING_8",
      "WEDDING_RING_9"
    ],
    "WEDDING_RING_8": [
      "WEDDING_RING_9"
    ],
    "BAT_PERSON_TALISMAN": [
      "BAT_PERSON_RING",
      "BAT_PERSON_ARTIFACT"
    ],
    "BAT_PERSON_RING": [
      "BAT_PERSON_ARTIFACT"
    ],
    "WITHER_ARTIFACT": [
      "WITHER_RELIC"
    ],
    "LUCKY_HOOF": [
      "ETERNAL_HOOF"
    ],
    "JERRY_TALISMAN_GREEN": [
      "JERRY_TALISMAN_BLUE",
      "JERRY_TALISMAN_PURPLE",
      "JERRY_TALISMAN_GOLDEN"
    ],
    "JERRY_TALISMAN_BLUE": [
      "JERRY_TALISMAN_PURPLE",
      "JERRY_TALISMAN_GOLDEN"
    ],
    "JERRY_TALISMAN_PURPLE": [
      "JERRY_TALISMAN_GOLDEN"
    ],
    "TITANIUM_TALISMAN": [
      "TITANIUM_RING",
      "TITANIUM_ARTIFACT",
      "TITANIUM_RELIC"
    ],
    "TITANIUM_RING": [
      "TITANIUM_ARTIFACT",
      "TITANIUM_RELIC"
    ],
    "TITANIUM_ARTIFACT": [
      "TITANIUM_RELIC"
    ],
    "CAMPFIRE_TALISMAN_1": [
      "CAMPFIRE_TALISMAN_2",
      "CAMPFIRE_TALISMAN_3",
      "CAMPFIRE_TALISMAN_4",
      "CAMPFIRE_TALISMAN_5",
      "CAMPFIRE_TALISMAN_6",
      "CAMPFIRE_TALISMAN_7",
      "CAMPFIRE_TALISMAN_8",
      "CAMPFIRE_TALISMAN_9",
      "CAMPFIRE_TALISMAN_10",
      "CAMPFIRE_TALISMAN_11",
      "CAMPFIRE_TALISMAN_12",
      "CAMPFIRE_TALISMAN_13",
      "CAMPFIRE_TALISMAN_14",
      "CAMPFIRE_TALISMAN_15",
      "CAMPFIRE_TALISMAN_16",
      "CAMPFIRE_TALISMAN_17",
      "CAMPFIRE_TALISMAN_18",
      "CAMPFIRE_TALISMAN_19",
      "CAMPFIRE_TALISMAN_20",
      "CAMPFIRE_TALISMAN_21",
      "CAMPFIRE_TALISMAN_22",
      "CAMPFIRE_TALISMAN_23",
      "CAMPFIRE_TALISMAN_24",
      "CAMPFIRE_TALISMAN_25",
      "CAMPFIRE_TALISMAN_26",
      "CAMPFIRE_TALISMAN_27",
      "CAMPFIRE_TALISMAN_28",
      "CAMPFIRE_TALISMAN_29"
    ],
    "CAMPFIRE_TALISMAN_2": [
      "CAMPFIRE_TALISMAN_3",
      "CAMPFIRE_TALISMAN_4",
      "CAMPFIRE_TALISMAN_5",
      "CAMPFIRE_TALISMAN_6",
      "CAMPFIRE_TALISMAN_7",
      "CAMPFIRE_TALISMAN_8",
      "CAMPFIRE_TALISMAN_9",
      "CAMPFIRE_TALISMAN_10",
      "CAMPFIRE_TALISMAN_11",
      "CAMPFIRE_TALISMAN_12",
      "CAMPFIRE_TALISMAN_13",
      "CAMPFIRE_TALISMAN_14",
      "CAMPFIRE_TALISMAN_15",
      "CAMPFIRE_TALISMAN_16",
      "CAMPFIRE_TALISMAN_17",
      "CAMPFIRE_TALISMAN_18",
      "CAMPFIRE_TALISMAN_19",
      "CAMPFIRE_TALISMAN_20",
      "CAMPFIRE_TALISMAN_21",
      "CAMPFIRE_TALISMAN_22",
      "CAMPFIRE_TALISMAN_23",
      "CAMPFIRE_TALISMAN_24",
      "CAMPFIRE_TALISMAN_25",
      "CAMPFIRE_TALISMAN_26",
      "CAMPFIRE_TALISMAN_27",
      "CAMPFIRE_TALISMAN_28",
      "CAMPFIRE_TALISMAN_29"
    ],
    "CAMPFIRE_TALISMAN_3": [
      "CAMPFIRE_TALISMAN_4",
      "CAMPFIRE_TALISMAN_5",
      "CAMPFIRE_TALISMAN_6",
      "CAMPFIRE_TALISMAN_7",
      "CAMPFIRE_TALISMAN_8",
      "CAMPFIRE_TALISMAN_9",
      "CAMPFIRE_TALISMAN_10",
      "CAMPFIRE_TALISMAN_11",
      "CAMPFIRE_TALISMAN_12",
      "CAMPFIRE_TALISMAN_13",
      "CAMPFIRE_TALISMAN_14",
      "CAMPFIRE_TALISMAN_15",
      "CAMPFIRE_TALISMAN_16",
      "CAMPFIRE_TALISMAN_17",
      "CAMPFIRE_TALISMAN_18",
      "CAMPFIRE_TALISMAN_19",
      "CAMPFIRE_TALISMAN_20",
      "CAMPFIRE_TALISMAN_21",
      "CAMPFIRE_TALISMAN_22",
      "CAMPFIRE_TALISMAN_23",
      "CAMPFIRE_TALISMAN_24",
      "CAMPFIRE_TALISMAN_25",
      "CAMPFIRE_TALISMAN_26",
      "CAMPFIRE_TALISMAN_27",
      "CAMPFIRE_TALISMAN_28",
      "CAMPFIRE_TALISMAN_29"
    ],
    "CAMPFIRE_TALISMAN_4": [
      "CAMPFIRE_TALISMAN_5",
      "CAMPFIRE_TALISMAN_6",
      "CAMPFIRE_TALISMAN_7",
      "CAMPFIRE_TALISMAN_8",
      "CAMPFIRE_TALISMAN_9",
      "CAMPFIRE_TALISMAN_10",
      "CAMPFIRE_TALISMAN_11",
      "CAMPFIRE_TALISMAN_12",
      "CAMPFIRE_TALISMAN_13",
      "CAMPFIRE_TALISMAN_14",
      "CAMPFIRE_TALISMAN_15",
      "CAMPFIRE_TALISMAN_16",
      "CAMPFIRE_TALISMAN_17",
      "CAMPFIRE_TALISMAN_18",
      "CAMPFIRE_TALISMAN_19",
      "CAMPFIRE_TALISMAN_20",
      "CAMPFIRE_TALISMAN_21",
      "CAMPFIRE_TALISMAN_22",
      "CAMPFIRE_TALISMAN_23",
      "CAMPFIRE_TALISMAN_24",
      "CAMPFIRE_TALISMAN_25",
      "CAMPFIRE_TALISMAN_26",
      "CAMPFIRE_TALISMAN_27",
      "CAMPFIRE_TALISMAN_28",
      "CAMPFIRE_TALISMAN_29"
    ],
    "CAMPFIRE_TALISMAN_5": [
      "CAMPFIRE_TALISMAN_6",
      "CAMPFIRE_TALISMAN_7",
      "CAMPFIRE_TALISMAN_8",
      "CAMPFIRE_TALISMAN_9",
      "CAMPFIRE_TALISMAN_10",
      "CAMPFIRE_TALISMAN_11",
      "CAMPFIRE_TALISMAN_12",
      "CAMPFIRE_TALISMAN_13",
      "CAMPFIRE_TALISMAN_14",
      "CAMPFIRE_TALISMAN_15",
      "CAMPFIRE_TALISMAN_16",
      "CAMPFIRE_TALISMAN_17",
      "CAMPFIRE_TALISMAN_18",
      "CAMPFIRE_TALISMAN_19",
      "CAMPFIRE_TALISMAN_20",
      "CAMPFIRE_TALISMAN_21",
      "CAMPFIRE_TALISMAN_22",
      "CAMPFIRE_TALISMAN_23",
      "CAMPFIRE_TALISMAN_24",
      "CAMPFIRE_TALISMAN_25",
      "CAMPFIRE_TALISMAN_26",
      "CAMPFIRE_TALISMAN_27",
      "CAMPFIRE_TALISMAN_28",
      "CAMPFIRE_TALISMAN_29"
    ],
    "CAMPFIRE_TALISMAN_6": [
      "CAMPFIRE_TALISMAN_7",
      "CAMPFIRE_TALISMAN_8",
      "CAMPFIRE_TALISMAN_9",
      "CAMPFIRE_TALISMAN_10",
      "CAMPFIRE_TALISMAN_11",
      "CAMPFIRE_TALISMAN_12",
      "CAMPFIRE_TALISMAN_13",
      "CAMPFIRE_TALISMAN_14",
      "CAMPFIRE_TALISMAN_15",
      "CAMPFIRE_TALISMAN_16",
      "CAMPFIRE_TALISMAN_17",
      "CAMPFIRE_TALISMAN_18",
      "CAMPFIRE_TALISMAN_19",
      "CAMPFIRE_TALISMAN_20",
      "CAMPFIRE_TALISMAN_21",
      "CAMPFIRE_TALISMAN_22",
      "CAMPFIRE_TALISMAN_23",
      "CAMPFIRE_TALISMAN_24",
      "CAMPFIRE_TALISMAN_25",
      "CAMPFIRE_TALISMAN_26",
      "CAMPFIRE_TALISMAN_27",
      "CAMPFIRE_TALISMAN_28",
      "CAMPFIRE_TALISMAN_29"
    ],
    "CAMPFIRE_TALISMAN_7": [
      "CAMPFIRE_TALISMAN_8",
      "CAMPFIRE_TALISMAN_9",
      "CAMPFIRE_TALISMAN_10",
      "CAMPFIRE_TALISMAN_11",
      "CAMPFIRE_TALISMAN_12",
      "CAMPFIRE_TALISMAN_13",
      "CAMPFIRE_TALISMAN_14",
      "CAMPFIRE_TALISMAN_15",
      "CAMPFIRE_TALISMAN_16",
      "CAMPFIRE_TALISMAN_17",
      "CAMPFIRE_TALISMAN_18",
      "CAMPFIRE_TALISMAN_19",
      "CAMPFIRE_TALISMAN_20",
      "CAMPFIRE_TALISMAN_21",
      "CAMPFIRE_TALISMAN_22",
      "CAMPFIRE_TALISMAN_23",
      "CAMPFIRE_TALISMAN_24",
      "CAMPFIRE_TALISMAN_25",
      "CAMPFIRE_TALISMAN_26",
      "CAMPFIRE_TALISMAN_27",
      "CAMPFIRE_TALISMAN_28",
      "CAMPFIRE_TALISMAN_29"
    ],
    "CAMPFIRE_TALISMAN_8": [
      "CAMPFIRE_TALISMAN_9",
      "CAMPFIRE_TALISMAN_10",
      "CAMPFIRE_TALISMAN_11",
      "CAMPFIRE_TALISMAN_12",
      "CAMPFIRE_TALISMAN_13",
      "CAMPFIRE_TALISMAN_14",
      "CAMPFIRE_TALISMAN_15",
      "CAMPFIRE_TALISMAN_16",
      "CAMPFIRE_TALISMAN_17",
      "CAMPFIRE_TALISMAN_18",
      "CAMPFIRE_TALISMAN_19",
      "CAMPFIRE_TALISMAN_20",
      "CAMPFIRE_TALISMAN_21",
      "CAMPFIRE_TALISMAN_22",
      "CAMPFIRE_TALISMAN_23",
      "CAMPFIRE_TALISMAN_24",
      "CAMPFIRE_TALISMAN_25",
      "CAMPFIRE_TALISMAN_26",
      "CAMPFIRE_TALISMAN_27",
      "CAMPFIRE_TALISMAN_28",
      "CAMPFIRE_TALISMAN_29"
    ],
    "CAMPFIRE_TALISMAN_9": [
      "CAMPFIRE_TALISMAN_10",
      "CAMPFIRE_TALISMAN_11",
      "CAMPFIRE_TALISMAN_12",
      "CAMPFIRE_TALISMAN_13",
      "CAMPFIRE_TALISMAN_14",
      "CAMPFIRE_TALISMAN_15",
      "CAMPFIRE_TALISMAN_16",
      "CAMPFIRE_TALISMAN_17",
      "CAMPFIRE_TALISMAN_18",
      "CAMPFIRE_TALISMAN_19",
      "CAMPFIRE_TALISMAN_20",
      "CAMPFIRE_TALISMAN_21",
      "CAMPFIRE_TALISMAN_22",
      "CAMPFIRE_TALISMAN_23",
      "CAMPFIRE_TALISMAN_24",
      "CAMPFIRE_TALISMAN_25",
      "CAMPFIRE_TALISMAN_26",
      "CAMPFIRE_TALISMAN_27",
      "CAMPFIRE_TALISMAN_28",
      "CAMPFIRE_TALISMAN_29"
    ],
    "CAMPFIRE_TALISMAN_10": [
      "CAMPFIRE_TALISMAN_11",
      "CAMPFIRE_TALISMAN_12",
      "CAMPFIRE_TALISMAN_13",
      "CAMPFIRE_TALISMAN_14",
      "CAMPFIRE_TALISMAN_15",
      "CAMPFIRE_TALISMAN_16",
      "CAMPFIRE_TALISMAN_17",
      "CAMPFIRE_TALISMAN_18",
      "CAMPFIRE_TALISMAN_19",
      "CAMPFIRE_TALISMAN_20",
      "CAMPFIRE_TALISMAN_21",
      "CAMPFIRE_TALISMAN_22",
      "CAMPFIRE_TALISMAN_23",
      "CAMPFIRE_TALISMAN_24",
      "CAMPFIRE_TALISMAN_25",
      "CAMPFIRE_TALISMAN_26",
      "CAMPFIRE_TALISMAN_27",
      "CAMPFIRE_TALISMAN_28",
      "CAMPFIRE_TALISMAN_29"
    ],
    "CAMPFIRE_TALISMAN_11": [
      "CAMPFIRE_TALISMAN_12",
      "CAMPFIRE_TALISMAN_13",
      "CAMPFIRE_TALISMAN_14",
      "CAMPFIRE_TALISMAN_15",
      "CAMPFIRE_TALISMAN_16",
      "CAMPFIRE_TALISMAN_17",
      "CAMPFIRE_TALISMAN_18",
      "CAMPFIRE_TALISMAN_19",
      "CAMPFIRE_TALISMAN_20",
      "CAMPFIRE_TALISMAN_21",
      "CAMPFIRE_TALISMAN_22",
      "CAMPFIRE_TALISMAN_23",
      "CAMPFIRE_TALISMAN_24",
      "CAMPFIRE_TALISMAN_25",
      "CAMPFIRE_TALISMAN_26",
      "CAMPFIRE_TALISMAN_27",
      "CAMPFIRE_TALISMAN_28",
      "CAMPFIRE_TALISMAN_29"
    ],
    "CAMPFIRE_TALISMAN_12": [
      "CAMPFIRE_TALISMAN_13",
      "CAMPFIRE_TALISMAN_14",
      "CAMPFIRE_TALISMAN_15",
      "CAMPFIRE_TALISMAN_16",
      "CAMPFIRE_TALISMAN_17",
      "CAMPFIRE_TALISMAN_18",
      "CAMPFIRE_TALISMAN_19",
      "CAMPFIRE_TALISMAN_20",
      "CAMPFIRE_TALISMAN_21",
      "CAMPFIRE_TALISMAN_22",
      "CAMPFIRE_TALISMAN_23",
      "CAMPFIRE_TALISMAN_24",
      "CAMPFIRE_TALISMAN_25",
      "CAMPFIRE_TALISMAN_26",
      "CAMPFIRE_TALISMAN_27",
      "CAMPFIRE_TALISMAN_28",
      "CAMPFIRE_TALISMAN_29"
    ],
    "CAMPFIRE_TALISMAN_13": [
      "CAMPFIRE_TALISMAN_13",
      "CAMPFIRE_TALISMAN_14",
      "CAMPFIRE_TALISMAN_15",
      "CAMPFIRE_TALISMAN_16",
      "CAMPFIRE_TALISMAN_17",
      "CAMPFIRE_TALISMAN_18",
      "CAMPFIRE_TALISMAN_19",
      "CAMPFIRE_TALISMAN_20",
      "CAMPFIRE_TALISMAN_21",
      "CAMPFIRE_TALISMAN_22",
      "CAMPFIRE_TALISMAN_23",
      "CAMPFIRE_TALISMAN_24",
      "CAMPFIRE_TALISMAN_25",
      "CAMPFIRE_TALISMAN_26",
      "CAMPFIRE_TALISMAN_27",
      "CAMPFIRE_TALISMAN_28",
      "CAMPFIRE_TALISMAN_29"
    ],
    "CAMPFIRE_TALISMAN_14": [
      "CAMPFIRE_TALISMAN_15",
      "CAMPFIRE_TALISMAN_16",
      "CAMPFIRE_TALISMAN_17",
      "CAMPFIRE_TALISMAN_18",
      "CAMPFIRE_TALISMAN_19",
      "CAMPFIRE_TALISMAN_20",
      "CAMPFIRE_TALISMAN_21",
      "CAMPFIRE_TALISMAN_22",
      "CAMPFIRE_TALISMAN_23",
      "CAMPFIRE_TALISMAN_24",
      "CAMPFIRE_TALISMAN_25",
      "CAMPFIRE_TALISMAN_26",
      "CAMPFIRE_TALISMAN_27",
      "CAMPFIRE_TALISMAN_28",
      "CAMPFIRE_TALISMAN_29"
    ],
    "CAMPFIRE_TALISMAN_15": [
      "CAMPFIRE_TALISMAN_16",
      "CAMPFIRE_TALISMAN_17",
      "CAMPFIRE_TALISMAN_18",
      "CAMPFIRE_TALISMAN_19",
      "CAMPFIRE_TALISMAN_20",
      "CAMPFIRE_TALISMAN_21",
      "CAMPFIRE_TALISMAN_22",
      "CAMPFIRE_TALISMAN_23",
      "CAMPFIRE_TALISMAN_24",
      "CAMPFIRE_TALISMAN_25",
      "CAMPFIRE_TALISMAN_26",
      "CAMPFIRE_TALISMAN_27",
      "CAMPFIRE_TALISMAN_28",
      "CAMPFIRE_TALISMAN_29"
    ],
    "CAMPFIRE_TALISMAN_16": [
      "CAMPFIRE_TALISMAN_17",
      "CAMPFIRE_TALISMAN_18",
      "CAMPFIRE_TALISMAN_19",
      "CAMPFIRE_TALISMAN_20",
      "CAMPFIRE_TALISMAN_21",
      "CAMPFIRE_TALISMAN_22",
      "CAMPFIRE_TALISMAN_23",
      "CAMPFIRE_TALISMAN_24",
      "CAMPFIRE_TALISMAN_25",
      "CAMPFIRE_TALISMAN_26",
      "CAMPFIRE_TALISMAN_27",
      "CAMPFIRE_TALISMAN_28",
      "CAMPFIRE_TALISMAN_29"
    ],
    "CAMPFIRE_TALISMAN_17": [
      "CAMPFIRE_TALISMAN_18",
      "CAMPFIRE_TALISMAN_19",
      "CAMPFIRE_TALISMAN_20",
      "CAMPFIRE_TALISMAN_21",
      "CAMPFIRE_TALISMAN_22",
      "CAMPFIRE_TALISMAN_23",
      "CAMPFIRE_TALISMAN_24",
      "CAMPFIRE_TALISMAN_25",
      "CAMPFIRE_TALISMAN_26",
      "CAMPFIRE_TALISMAN_27",
      "CAMPFIRE_TALISMAN_28",
      "CAMPFIRE_TALISMAN_29"
    ],
    "CAMPFIRE_TALISMAN_18": [
      "CAMPFIRE_TALISMAN_19",
      "CAMPFIRE_TALISMAN_20",
      "CAMPFIRE_TALISMAN_21",
      "CAMPFIRE_TALISMAN_22",
      "CAMPFIRE_TALISMAN_23",
      "CAMPFIRE_TALISMAN_24",
      "CAMPFIRE_TALISMAN_25",
      "CAMPFIRE_TALISMAN_26",
      "CAMPFIRE_TALISMAN_27",
      "CAMPFIRE_TALISMAN_28",
      "CAMPFIRE_TALISMAN_29"
    ],
    "CAMPFIRE_TALISMAN_19": [
      "CAMPFIRE_TALISMAN_20",
      "CAMPFIRE_TALISMAN_21",
      "CAMPFIRE_TALISMAN_22",
      "CAMPFIRE_TALISMAN_23",
      "CAMPFIRE_TALISMAN_24",
      "CAMPFIRE_TALISMAN_25",
      "CAMPFIRE_TALISMAN_26",
      "CAMPFIRE_TALISMAN_27",
      "CAMPFIRE_TALISMAN_28",
      "CAMPFIRE_TALISMAN_29"
    ],
    "CAMPFIRE_TALISMAN_20": [
      "CAMPFIRE_TALISMAN_21",
      "CAMPFIRE_TALISMAN_22",
      "CAMPFIRE_TALISMAN_23",
      "CAMPFIRE_TALISMAN_24",
      "CAMPFIRE_TALISMAN_25",
      "CAMPFIRE_TALISMAN_26",
      "CAMPFIRE_TALISMAN_27",
      "CAMPFIRE_TALISMAN_28",
      "CAMPFIRE_TALISMAN_29"
    ],
    "CAMPFIRE_TALISMAN_21": [
      "CAMPFIRE_TALISMAN_22",
      "CAMPFIRE_TALISMAN_23",
      "CAMPFIRE_TALISMAN_24",
      "CAMPFIRE_TALISMAN_25",
      "CAMPFIRE_TALISMAN_26",
      "CAMPFIRE_TALISMAN_27",
      "CAMPFIRE_TALISMAN_28",
      "CAMPFIRE_TALISMAN_29"
    ],
    "CAMPFIRE_TALISMAN_22": [
      "CAMPFIRE_TALISMAN_23",
      "CAMPFIRE_TALISMAN_24",
      "CAMPFIRE_TALISMAN_25",
      "CAMPFIRE_TALISMAN_26",
      "CAMPFIRE_TALISMAN_27",
      "CAMPFIRE_TALISMAN_28",
      "CAMPFIRE_TALISMAN_29"
    ],
    "CAMPFIRE_TALISMAN_23": [
      "CAMPFIRE_TALISMAN_24",
      "CAMPFIRE_TALISMAN_25",
      "CAMPFIRE_TALISMAN_26",
      "CAMPFIRE_TALISMAN_27",
      "CAMPFIRE_TALISMAN_28",
      "CAMPFIRE_TALISMAN_29"
    ],
    "CAMPFIRE_TALISMAN_24": [
      "CAMPFIRE_TALISMAN_25",
      "CAMPFIRE_TALISMAN_26",
      "CAMPFIRE_TALISMAN_27",
      "CAMPFIRE_TALISMAN_28",
      "CAMPFIRE_TALISMAN_29"
    ],
    "CAMPFIRE_TALISMAN_25": [
      "CAMPFIRE_TALISMAN_26",
      "CAMPFIRE_TALISMAN_27",
      "CAMPFIRE_TALISMAN_28",
      "CAMPFIRE_TALISMAN_29"
    ],
    "CAMPFIRE_TALISMAN_26": [
      "CAMPFIRE_TALISMAN_27",
      "CAMPFIRE_TALISMAN_28",
      "CAMPFIRE_TALISMAN_29"
    ],
    "CAMPFIRE_TALISMAN_27": [
      "CAMPFIRE_TALISMAN_28",
      "CAMPFIRE_TALISMAN_29"
    ],
    "CAMPFIRE_TALISMAN_28": [
      "CAMPFIRE_TALISMAN_29"
    ],
    "PERSONAL_DELETOR_4000": [
      "PERSONAL_DELETOR_5000",
      "PERSONAL_DELETOR_6000",
      "PERSONAL_DELETOR_7000"
    ],
    "PERSONAL_DELETOR_5000": [
      "PERSONAL_DELETOR_6000",
      "PERSONAL_DELETOR_7000"
    ],
    "PERSONAL_DELETOR_6000": [
      "PERSONAL_DELETOR_7000"
    ],
    "BAIT_RING": [
      "SPIKED_ATROCITY"
    ],
    "MASTER_SKULL_TIER_1": [
      "MASTER_SKULL_TIER_2",
      "MASTER_SKULL_TIER_3",
      "MASTER_SKULL_TIER_4",
      "MASTER_SKULL_TIER_5",
      "MASTER_SKULL_TIER_6",
      "MASTER_SKULL_TIER_7"
    ],
    "MASTER_SKULL_TIER_2": [
      "MASTER_SKULL_TIER_3",
      "MASTER_SKULL_TIER_4",
      "MASTER_SKULL_TIER_5",
      "MASTER_SKULL_TIER_6",
      "MASTER_SKULL_TIER_7"
    ],
    "MASTER_SKULL_TIER_3": [
      "MASTER_SKULL_TIER_4",
      "MASTER_SKULL_TIER_5",
      "MASTER_SKULL_TIER_6",
      "MASTER_SKULL_TIER_7"
    ],
    "MASTER_SKULL_TIER_4": [
      "MASTER_SKULL_TIER_5",
      "MASTER_SKULL_TIER_6",
      "MASTER_SKULL_TIER_7"
    ],
    "MASTER_SKULL_TIER_5": [
      "MASTER_SKULL_TIER_6",
      "MASTER_SKULL_TIER_7"
    ],
    "MASTER_SKULL_TIER_6": [
      "MASTER_SKULL_TIER_7"
    ],
    "SOULFLOW_PILE": [
      "SOULFLOW_BATTERY",
      "SOULFLOW_SUPERCELL"
    ],
    "SOULFLOW_BATTERY": [
      "SOULFLOW_SUPERCELL"
    ],
    "ENDER_ARTIFACT": [
      "ENDER_RELIC"
    ]
  },

  "special_bois": [
    "503450fc72c24e87824394e264977437",
    "41c4be4ac82c4c02aed3a63ba2cf9dda",
    "d0e05de76067454dbeaec6d19d886191",
    "6625863ce58a406d9e5fffc1b3a80a27",
    "4667f660ac284390b8f2f9be39c8e0b0",
    "cfdbc3e5051148faae4318a5ca514ab7",
    "2c3f5fc730c14821ae5c2e3f07868b1a",
    "689ff4bbf61e4e0594e01066892b0bbe",
    "a5761ff3c7104cabb4f43e7f017a8dbf",
    "f94771a6e4c4457495e7aa821c370e3d",
    "4f0e53f2bc1e464fa86af515e22390c7",
    "baa6c0a7c3494f7d9257c92dd886b890",
    "8f26e4e3b26a4c64901f1f85d579dc73",
    "d82f5572054f4b7cb3d73e614098bbcb",
    "e40ba3dfb5254b488649969d6d22ab1c",
    "62b17c445d774a669cf6a9032005ae23",
    "daf2a9b923264cc2b1a9d49194886c70",
    "fdd2f6547ad141bc9d8223fff41a40cc",
    "38184ab9506a42e69ecf65d5bc006f86",
    "cbb1541bfc8d4a5cabe23b789fb1a87f",
    "981a6ac7ff0348049b6e23ae2c148295",
    "bcb119a360004324bda1744f00c44b31",
    "308a597a626349b38a877d024241b283",
    "280f4152df6e43e989f42578533a4529",
    "84e29dcbaf4d4df3a6bbea723c47b08f",
    "5ab07ecc5e8949838140435d9d6da216",
    "d73ef7a2e17442ac939aa8a845646df9",
    "71eb88e6bbb840e5a4fc9b6baf76e0fb",
    "53924f1a87e647098e53f1c7d13dc239",
    "a17ef7a624b84be5b2c755b99d223dcb",
    "8a9f184148e948edb14f76a124e6c9df",
    "e9de16a0939b4192b9713296946c1284",
    "9d12ace149d844a085723b9a983a4f58",
    "738b87f0b5d84f339411f7f44f365cb7",
    "d2e89fadaaed4585a47f398dd25e5ebc",
    "8b09b17d9fd94c6385429a065147326d",
    "6d1f303d2b954844927270baa0746b05",
    "6a040159d71841129271ce291b226587",
    "6a24734e7d9f4abfbf9ec56bf5428f1b",
    "521362fbf5fb4b9e8c4874d11336eeeb",
    "df5e1701809c48be9b0def50b83b009e",
    "4ecafb59691242cfb407e1a082ef616f",
    "d1dfbbcb66ee40b38c659141badb5fbd",
    "ca7c8e9b93094c82b15a3c51e8eaeba6",
    "52b0ee1e40c94915903df3df88988e58",
    "ea805d40e8284d8d8e64e9fc8ac301ca",
    "d4393ba96ff64f6bae508be3ab7e1f01",
    "dc8c39647b294e03ae9ed13ebd65dd29",
    "92e9cf034cc24707bec94e8a50b49f51",
    "553223191a7a45b8a714a84a544c7585",
    "12e2e27c20e14b6c993b571961f2595b",
    "a7cb7319ac7547f0802116f38dc5ca85",
    "e686fe0aab804a71ac7011dc8c2b534c",
    "fb62446fa9f142d1aa99e6722c624623",
    "9a2c1f42717e4f5ab054fd5aff73979b",
    "f6da848bf1904f6d9045a7bb51e56d42",
    "168300e64e744a6d89a07b7cf8ad6a7d",
    "9d8c370647864b71881cc825b60280e8",
    "7145988e904c4babbee1d4235aa9d8b5",
    "22af1ea6f6dc4b13af2b32cc02f62019",
    "24a9edf06fc44432bb43617a98491cce",
    "669072ccd0804493ac061bf4cf20d5a8",
    "8259ca8a1c8c4a28b1e5678d9fd56e69",
    "4009f07032504886b50d0a6d690b4808",
    "a44f5df190134f969f210f6399c8c5c7",
    "54ce173e4ba74fdab08c14c8f88200d1",
    "ee541c71b14b46a1a259cf84b80a9b6e",
    "4154a5602654493094d3497d2ad6849f",
    "d849307394b848fc9247c70b48e63872",
    "77c50c3f141945dda16b2d20cfdfc287",
    "d4f935d447a949fab79e94b639e95c43",
    "063f9bdf047b47ef85b6533ff1dfd69b",
    "cb794a4b9d7840689f6fff3e38a9029b",
    "ec6249a96ca04107969d8d3523bb6474",
    "08ad1f9485d64d16b6afe706bbc7ca3f",
    "16bfa19d62a44083801529911e3a9c09",
    "854fc11edfac4ef6b4c1abe2d7bcbc6b",
    "5ac46fc460a946138821cfd7318d89f3",
    "c707c6e66d924261b978b820e86c289c",
    "ad371f407c8144c0bea559fdf019384f",
    "f50e5d5cca524c2ebc9d040acefa7c5a",
    "f2e5c25893a346b693bc2a4b56c91210",
    "b6b68a1b808f4a66aeafea00e0324fad",
    "631b7dcc29c14766881cc0175b0c8cd3",
    "e727a09f4b714448a90369e558464cb3",
    "e0f5594f028441b996a2d473ec87fe32",
    "656ea8fb18804d7299cf5a190ee7e0f2",
    "0d1c41cd8d4b4fe98214ed77c3254489",
    "51e50c0ae0b84c7a9334ec9df5f8bb43",
    "b98f4247e6614787a11c288eb21f098a",
    "2afa5d17d62f45e189d5d711fd0c57c7",
    "16ffd751c9d34781854f6960c26e6bf6",
    "f47e4552e184437ba544676ecbdd18fa",
    "fe3ead1167ff4e118f3b4c6810d643b9",
    "5312cb4c79674f28a3004e979b6560da",
    "40ef5fcb47f8451ba64c1b7cd4c54e08",
    "80e3b7080df74d918f84d43f438a3e81",
    "0954bdd8655743b1ad49ccc0a235af9c",
    "42ded09ba554409594604d1be6e635da",
    "96f67968b528438f801f5c7036f6ba56",
    "86ee42ae9fe846f9aad34abb6225308e",
    "cb022c43431648f99d65d485c2f655bf",
    "c44ddfef16f544cbaaabb9ce610e4242",
    "6b50d5079be24b09b8bea6bb77a29bc7",
    "044903b7a9d3416d957f929557af6c88",
    "7a9dc802d4014d7d93c08dd1bc98c70d",
    "781fa5776ab64a60a93c788ce5284a91",
    "c346498734274398a5d594614515a6b2",
    "f51f722efec648b0a358785a0bbcaa36",
    "61d6fcac9885435bae627f8f4e2910fe",
    "dd3384c0775b4c918c59dc291f9902af",
    "3d2be6a62eec40f491ea1bfa994d43b7"
  ],

  "ranks": {
    "OWNER": {
      "color": "c",
      "tag": "OWNER"
    },
    "ADMIN": {
      "color": "c",
      "tag": "ADMIN"
    },
    "BUILD TEAM": {
      "color": "3",
      "tag": "BUILD TEAM"
    },
    "MODERATOR": {
      "color": "2",
      "tag": "MOD"
    },
    "GAME_MASTER": {
      "color": "2",
      "tag": "GM"
    },
    "HELPER": {
      "color": "9",
      "tag": "HELPER"
    },
    "JR HELPER": {
      "color": "9",
      "tag": "JR HELPER"
    },
    "YOUTUBER": {
      "color": "c",
      "tag": "YOUTUBE"
    },
    "SUPERSTAR": {
      "color": "6",
      "tag": "MVP",
      "plus": "++"
    },
    "MVP_PLUS": {
      "color": "b",
      "tag": "MVP",
      "plus": "+"
    },
    "MVP": {
      "color": "b",
      "tag": "MVP"
    },
    "VIP_PLUS": {
      "color": "a",
      "tag": "VIP",
      "plus": "+"
    },
    "VIP": {
      "color": "a",
      "tag": "VIP"
    },
    "PIG+++": {
      "color": "d",
      "tag": "PIG",
      "plus": "+++"
    }
  },

  "minions": {
    "ACACIA_GENERATOR": 11,
    "BIRCH_GENERATOR": 11,
    "BLAZE_GENERATOR": 11,
    "CACTUS_GENERATOR": 12,
    "CARROT_GENERATOR": 12,
    "CAVESPIDER_GENERATOR": 11,
    "CHICKEN_GENERATOR": 12,
    "CLAY_GENERATOR": 11,
    "COAL_GENERATOR": 12,
    "COBBLESTONE_GENERATOR": 12,
    "COCOA_GENERATOR": 12,
    "COW_GENERATOR": 12,
    "CREEPER_GENERATOR": 11,
    "DARK_OAK_GENERATOR": 11,
    "DIAMOND_GENERATOR": 12,
    "EMERALD_GENERATOR": 12,
    "ENDER_STONE_GENERATOR": 11,
    "ENDERMAN_GENERATOR": 11,
    "FISHING_GENERATOR": 11,
    "FLOWER_GENERATOR": 11,
    "GHAST_GENERATOR": 11,
    "GLOWSTONE_GENERATOR": 11,
    "GOLD_GENERATOR": 12,
    "GRAVEL_GENERATOR": 11,
    "ICE_GENERATOR": 11,
    "IRON_GENERATOR": 12,
    "JUNGLE_GENERATOR": 11,
    "LAPIS_GENERATOR": 12,
    "MAGMA_CUBE_GENERATOR": 11,
    "MELON_GENERATOR": 12,
    "MITHRIL_GENERATOR": 12,
    "MUSHROOM_GENERATOR": 12,
    "NETHER_WARTS_GENERATOR": 12,
    "OAK_GENERATOR": 11,
    "OBSIDIAN_GENERATOR": 12,
    "PIG_GENERATOR": 12,
    "POTATO_GENERATOR": 12,
    "PUMPKIN_GENERATOR": 12,
    "QUARTZ_GENERATOR": 11,
    "RABBIT_GENERATOR": 12,
    "REDSTONE_GENERATOR": 12,
    "REVENANT_GENERATOR": 12,
    "SAND_GENERATOR": 11,
    "SHEEP_GENERATOR": 12,
    "SKELETON_GENERATOR": 11,
    "SLIME_GENERATOR": 11,
    "SNOW_GENERATOR": 11,
    "SPIDER_GENERATOR": 11,
    "SPRUCE_GENERATOR": 11,
    "SUGAR_CANE_GENERATOR": 12,
    "TARANTULA_GENERATOR": 11,
    "VOIDLING_GENERATOR": 11,
    "WHEAT_GENERATOR": 12,
    "ZOMBIE_GENERATOR": 11
  },

  "credits": {
    "itemid": "writable_book",
    "internalname": "CREDITS",
    "displayname": "§9Credits",
    "lore": [
      "§a§lContributors:",
      "§f - §aMoulberry§7: Main Developer",
      "§f - §aThatGravyBoat§7: Feature Contributor",
      "§f - §aIRONM00N§7: Item-repo & Feature Contributor",
      "§f - §aJani270§7: Item-repo Contributor",
      "§f - §aNullzee§7: Moral Support",
      "",
      "§b§lDiscord Staff:",
      "§f - §bIRONM00N#0001§7: §cAdmin",
      "§f - §bThatGravyBoat#0001§7: §cAdmin",
      "§f - §bBestower#6073§7: §2Sr. Moderator",
      "§f - §bjani270#0119§7: §2Sr. Moderator",
      "§f - §bnopo#6969§7: §2Sr. Moderator",
      "§f - §bTrashCan#0001§7: §2Sr. Moderator",
      "§f - §bapotato#1965§7: §2Moderator",
      "§f - §bTomEngMaster#9182§7: §2Moderator",
      "§f - §bZordlan#3560§7: §2Moderator",
      "§f - §bTyman#5998§7: §2Moderator",
      "§f - §bHasnu#4411§7: §2Moderator",
      "§f - §bFirewolf#7918: §9Helper"
    ]
  }
}