{
  "ADAPTIVE_BOOTS":[
    "STARRED_ADAPTIVE_BOOTS"
  ],
  "ADAPTIVE_CHESTPLATE":[
    "STARRED_ADAPTIVE_CHESTPLATE"
  ],
  "ADAPTIVE_HELMET":[
    "STARRED_ADAPTIVE_HELMET"
  ],
  "ADAPTIVE_LEGGINGS":[
    "STARRED_ADAPTIVE_LEGGINGS"
  ],
  "AIMING;1":[
    "AIMING;2",
    "AIMING;3",
    "AIMING;4",
    "AIMING;5"
  ],
  "ANGLER;1":[
    "ANGLER;2",
    "ANGLER;3",
    "ANGLER;4",
    "ANGLER;5",
    "ANGLER;6"
  ],
  "BANE_OF_ARTHROPODS;1":[
    "BANE_OF_ARTHROPODS;2",
    "BANE_OF_ARTHROPODS;3",
    "BANE_OF_ARTHROPODS;4",
    "BANE_OF_ARTHROPODS;5",
    "BANE_OF_ARTHROPODS;6",
    "BANE_OF_ARTHROPODS;7"
  ],
  "BANNER":[
    "BANNER-1",
    "BANNER-2",
    "BANNER-3",
    "BANNER-4",
    "BANNER-5",
    "BANNER-6",
    "BANNER-7",
    "BANNER-8",
    "BANNER-9",
    "BANNER-10",
    "BANNER-11",
    "BANNER-12",
    "BANNER-13",
    "BANNER-14",
    "BANNER-15"
  ],
  "BIG_BRAIN;3":[
    "BIG_BRAIN;4",
    "BIG_BRAIN;5"
  ],
  "BLAST_PROTECTION;1":[
    "BLAST_PROTECTION;2",
    "BLAST_PROTECTION;3",
    "BLAST_PROTECTION;4",
    "BLAST_PROTECTION;5",
    "BLAST_PROTECTION;6",
    "BLAST_PROTECTION;7"
  ],
  "BLESSING;1":[
    "BLESSING;2",
    "BLESSING;3",
    "BLESSING;4",
    "BLESSING;5"
  ],
  "BONZO_MASK":[
    "STARRED_BONZO_MASK"
  ],
  "BONZO_STAFF":[
    "STARRED_BONZO_STAFF"
  ],
  "CARPET":[
    "CARPET-1",
    "CARPET-2",
    "CARPET-3",
    "CARPET-4",
    "CARPET-5",
    "CARPET-6",
    "CARPET-7",
    "CARPET-8",
    "CARPET-9",
    "CARPET-10",
    "CARPET-11",
    "CARPET-12",
    "CARPET-13",
    "CARPET-14",
    "CARPET-15"
  ],
  "CASTER;1":[
    "CASTER;2",
    "CASTER;3",
    "CASTER;4",
    "CASTER;5",
    "CASTER;6"
  ],
  "CLEAVE;1":[
    "CLEAVE;2",
    "CLEAVE;3",
    "CLEAVE;4",
    "CLEAVE;5",
    "CLEAVE;6"
  ],
  "CHANCE;1":[
    "CHANCE;2",
    "CHANCE;3",
    "CHANCE;4",
    "CHANCE;5"
  ],
  "COAL":[
    "COAL-1"
  ],
  "COBBLE_WALL":[
    "COBBLE_WALL-1"
  ],
  "CRITICAL;1":[
    "CRITICAL;2",
    "CRITICAL;3",
    "CRITICAL;4",
    "CRITICAL;5",
    "CRITICAL;6",
    "CRITICAL;7"
  ],
  "CUBISM;1":[
    "CUBISM;2",
    "CUBISM;3",
    "CUBISM;4",
    "CUBISM;5",
    "CUBISM;6"
  ],
  "DEPTH_STRIDER;1":[
    "DEPTH_STRIDER;2",
    "DEPTH_STRIDER;3"
  ],
  "DIRT":[
    "DIRT-1"
  ],
  "DRAGON_HUNTER;1":[
    "DRAGON_HUNTER;2",
    "DRAGON_HUNTER;3",
    "DRAGON_HUNTER;4",
    "DRAGON_HUNTER;5"
  ],
  "EFFICIENCY;1":[
    "EFFICIENCY;2",
    "EFFICIENCY;3",
    "EFFICIENCY;4",
    "EFFICIENCY;5",
    "EFFICIENCY;6"
  ],
  "ENDER_SLAYER;1":[
    "ENDER_SLAYER;2",
    "ENDER_SLAYER;3",
    "ENDER_SLAYER;4",
    "ENDER_SLAYER;5",
    "ENDER_SLAYER;6",
    "ENDER_SLAYER;7"
  ],
  "EXECUTE;1":[
    "EXECUTE;2",
    "EXECUTE;3",
    "EXECUTE;4",
    "EXECUTE;5",
    "EXECUTE;6"
  ],
  "EXPERIENCE;1":[
    "EXPERIENCE;2",
    "EXPERIENCE;3",
    "EXPERIENCE;4"
  ],
  "FEATHER_FALLING;1":[
    "FEATHER_FALLING;2",
    "FEATHER_FALLING;3",
    "FEATHER_FALLING;4",
    "FEATHER_FALLING;5",
    "FEATHER_FALLING;6",
    "FEATHER_FALLING;7",
    "FEATHER_FALLING;8",
    "FEATHER_FALLING;9",
    "FEATHER_FALLING;10"
  ],
  "FIRE_ASPECT;1":[
    "FIRE_ASPECT;2"
  ],
  "FIRE_PROTECTION;1":[
    "FIRE_PROTECTION;2",
    "FIRE_PROTECTION;3",
    "FIRE_PROTECTION;4",
    "FIRE_PROTECTION;5",
    "FIRE_PROTECTION;6",
    "FIRE_PROTECTION;7"
  ],
  "FIRST_STRIKE;1":[
    "FIRST_STRIKE;2",
    "FIRST_STRIKE;3",
    "FIRST_STRIKE;4",
    "FIRST_STRIKE;5"
  ],
  "FORTUNE;1":[
    "FORTUNE;2",
    "FORTUNE;3"
  ],
  "FRAIL;1":[
    "FRAIL;2",
    "FRAIL;3",
    "FRAIL;4",
    "FRAIL;5",
    "FRAIL;6"
  ],
  "FROST_WALKER;1":[
    "FROST_WALKER;2"
  ],
  "GIANT_KILLER;1":[
    "GIANT_KILLER;2",
    "GIANT_KILLER;3",
    "GIANT_KILLER;4",
    "GIANT_KILLER;5",
    "GIANT_KILLER;6",
    "GIANT_KILLER;7"
  ],
  "GOLDEN_APPLE":[
    "GOLDEN_APPLE-1"
  ],
  "GROWTH;1":[
    "GROWTH;2",
    "GROWTH;3",
    "GROWTH;4",
    "GROWTH;5",
    "GROWTH;6",
    "GROWTH;7"
  ],
  "HARVESTING;1":[
    "HARVESTING;2",
    "HARVESTING;3",
    "HARVESTING;4",
    "HARVESTING;5",
    "HARVESTING;6"
  ],
  "IMPALING;1":[
    "IMPALING;2",
    "IMPALING;3"
  ],
  "INFINITE_QUIVER;1":[
    "INFINITE_QUIVER;2",
    "INFINITE_QUIVER;3",
    "INFINITE_QUIVER;4",
    "INFINITE_QUIVER;5",
    "INFINITE_QUIVER;6",
    "INFINITE_QUIVER;7",
    "INFINITE_QUIVER;8",
    "INFINITE_QUIVER;9",
    "INFINITE_QUIVER;10"
  ],
  "INK_SACK":[
    "INK_SACK-1",
    "INK_SACK-2",
    "INK_SACK-3",
    "INK_SACK-4",
    "INK_SACK-5",
    "INK_SACK-6",
    "INK_SACK-7",
    "INK_SACK-8",
    "INK_SACK-9",
    "INK_SACK-10",
    "INK_SACK-11",
    "INK_SACK-12",
    "INK_SACK-13",
    "INK_SACK-14",
    "INK_SACK-15"
  ],
  "KNOCKBACK;1":[
    "KNOCKBACK;2"
  ],
  "LAST_BREATH":[
    "STARRED_LAST_BREATH"
  ],
  "LETHALITY;1":[
    "LETHALITY;2",
    "LETHALITY;3",
    "LETHALITY;4",
    "LETHALITY;5",
    "LETHALITY;6"
  ],
  "LIFE_STEAL;1":[
    "LIFE_STEAL;2",
    "LIFE_STEAL;3",
    "LIFE_STEAL;4",
    "LIFE_STEAL;5"
  ],
  "LOG":[
    "LOG-1",
    "LOG-2",
    "LOG-3",
    "LOG_2",
    "LOG_2-1"
  ],
  "LOOTING;1":[
    "LOOTING;2",
    "LOOTING;3",
    "LOOTING;4",
    "LOOTING;5"
  ],
  "LUCK;1":[
    "LUCK;2",
    "LUCK;3",
    "LUCK;4",
    "LUCK;5",
    "LUCK;6",
    "LUCK;7"
  ],
  "LUCK_OF_THE_SEA;1":[
    "LUCK_OF_THE_SEA;2",
    "LUCK_OF_THE_SEA;3",
    "LUCK_OF_THE_SEA;4",
    "LUCK_OF_THE_SEA;5",
    "LUCK_OF_THE_SEA;6"
  ],
  "LURE;1":[
    "LURE;2",
    "LURE;3",
    "LURE;4",
    "LURE;5",
    "LURE;6"
  ],
  "MAGNET;1":[
    "MAGNET;2",
    "MAGNET;3",
    "MAGNET;4",
    "MAGNET;5",
    "MAGNET;6"
  ],
  "NECRON_BLADE":[
    "VALKYRIE",
    "SCYLLA",
    "ASTRAEA",
    "HYPERION"
  ],
  "OVERLOAD;1":[
    "OVERLOAD;2",
    "OVERLOAD;3",
    "OVERLOAD;4",
    "OVERLOAD;5"
  ],
  "PERFECT_BOOTS_1":[
    "PERFECT_BOOTS_2",
    "PERFECT_BOOTS_3",
    "PERFECT_BOOTS_4",
    "PERFECT_BOOTS_5",
    "PERFECT_BOOTS_6",
    "PERFECT_BOOTS_7",
    "PERFECT_BOOTS_8",
    "PERFECT_BOOTS_9",
    "PERFECT_BOOTS_10",
    "PERFECT_BOOTS_11",
    "PERFECT_BOOTS_12"
  ],
  "PERFECT_CHESTPLATE_1":[
    "PERFECT_CHESTPLATE_2",
    "PERFECT_CHESTPLATE_3",
    "PERFECT_CHESTPLATE_4",
    "PERFECT_CHESTPLATE_5",
    "PERFECT_CHESTPLATE_6",
    "PERFECT_CHESTPLATE_7",
    "PERFECT_CHESTPLATE_8",
    "PERFECT_CHESTPLATE_9",
    "PERFECT_CHESTPLATE_10",
    "PERFECT_CHESTPLATE_11",
    "PERFECT_CHESTPLATE_12"
  ],
  "PERFECT_HELMET_1":[
    "PERFECT_HELMET_2",
    "PERFECT_HELMET_3",
    "PERFECT_HELMET_4",
    "PERFECT_HELMET_5",
    "PERFECT_HELMET_6",
    "PERFECT_HELMET_7",
    "PERFECT_HELMET_8",
    "PERFECT_HELMET_9",
    "PERFECT_HELMET_10",
    "PERFECT_HELMET_11",
    "PERFECT_HELMET_12"
  ],
  "PERFECT_LEGGINGS_1":[
    "PERFECT_LEGGINGS_2",
    "PERFECT_LEGGINGS_3",
    "PERFECT_LEGGINGS_4",
    "PERFECT_LEGGINGS_5",
    "PERFECT_LEGGINGS_6",
    "PERFECT_LEGGINGS_7",
    "PERFECT_LEGGINGS_8",
    "PERFECT_LEGGINGS_9",
    "PERFECT_LEGGINGS_10",
    "PERFECT_LEGGINGS_11",
    "PERFECT_LEGGINGS_12"
  ],
  "POWER;1":[
    "POWER;2",
    "POWER;3",
    "POWER;4",
    "POWER;5",
    "POWER;6",
    "POWER;7"
  ],
  "PRISMARINE":[
    "PRISMARINE-1",
    "PRISMARINE-2"
  ],
  "PROJECTILE_PROTECTION;1":[
    "PROJECTILE_PROTECTION;2",
    "PROJECTILE_PROTECTION;3",
    "PROJECTILE_PROTECTION;4",
    "PROJECTILE_PROTECTION;5",
    "PROJECTILE_PROTECTION;6",
    "PROJECTILE_PROTECTION;7"
  ],
  "PROTECTION;1":[
    "PROTECTION;2",
    "PROTECTION;3",
    "PROTECTION;4",
    "PROTECTION;5",
    "PROTECTION;6",
    "PROTECTION;7"
  ],
  "PROSECUTE;1":[
    "PROSECUTE;2",
    "PROSECUTE;3",
    "PROSECUTE;4",
    "PROSECUTE;5",
    "PROSECUTE;6"
  ],
  "PUNCH;1":[
    "PUNCH;2"
  ],
  "QUARTZ_BLOCK":[
    "QUARTZ_BLOCK-1",
    "QUARTZ_BLOCK-2"
  ],
  "RED_SANDSTONE":[
    "RED_SANDSTONE-1",
    "RED_SANDSTONE-2"
  ],
  "REJUVENATE;1":[
    "REJUVENATE;2",
    "REJUVENATE;3",
    "REJUVENATE;4",
    "REJUVENATE;5"
  ],
  "RESPIRATION;1":[
    "RESPIRATION;2",
    "RESPIRATION;3"
  ],
  "RESPITE;1":[
    "RESPITE;2",
    "RESPITE;3",
    "RESPITE;4",
    "RESPITE;5"
  ],
  "SAND":[
    "SAND-1"
  ],
  "SANDSTONE":[
    "SANDSTONE-1",
    "SANDSTONE-2"
  ],
  "SCAVENGER;1":[
    "SCAVENGER;2",
    "SCAVENGER;3",
    "SCAVENGER;4",
    "SCAVENGER;5"
  ],
  "SHADOW_ASSASSIN_BOOTS":[
    "STARRED_SHADOW_ASSASSIN_BOOTS"
  ],
  "SHADOW_ASSASSIN_CHESTPLATE":[
    "STARRED_SHADOW_ASSASSIN_CHESTPLATE"
  ],
  "SHADOW_ASSASSIN_HELMET":[
    "STARRED_SHADOW_ASSASSIN_HELMET"
  ],
  "SHADOW_ASSASSIN_LEGGINGS":[
    "STARRED_SHADOW_ASSASSIN_LEGGINGS"
  ],
  "SHADOW_FURY":[
    "STARRED_SHADOW_FURY"
  ],
  "SALMON_HELMET_NEW":[
    "SALMON_HELMET"
  ],
  "SALMON_CHESTPLATE_NEW":[
    "SALMON_CHESTPLATE"
  ],
  "SALMON_LEGGINGS_NEW":[
    "SALMON_LEGGINGS"
  ],
  "SALMON_BOOTS_NEW":[
    "SALMON_BOOTS"
  ],
  "SHARPNESS;1":[
    "SHARPNESS;2",
    "SHARPNESS;3",
    "SHARPNESS;4",
    "SHARPNESS;5",
    "SHARPNESS;6",
    "SHARPNESS;7"
  ],
  "SMITE;1":[
    "SMITE;2",
    "SMITE;3",
    "SMITE;4",
    "SMITE;5",
    "SMITE;6",
    "SMITE;7"
  ],
  "SMOOTH_BRICK":[
    "SMOOTH_BRICK-1",
    "SMOOTH_BRICK-3"
  ],
  "SNIPE;1":[
    "SNIPE;2",
    "SNIPE;3",
    "SNIPE;4"
  ],
  "SYPHON;1":[
    "SYPHON;2",
    "SYPHON;3",
    "SYPHON;4",
    "SYPHON;5"
  ],
  "SPIDER_QUEENS_STINGER":[
    "STARRED_SPIDER_QUEENS_STINGER"
  ],
  "SPIKED_HOOK;1":[
    "SPIKED_HOOK;2",
    "SPIKED_HOOK;3",
    "SPIKED_HOOK;4",
    "SPIKED_HOOK;5",
    "SPIKED_HOOK;6"
  ],
  "STAINED_CLAY":[
    "STAINED_CLAY-1",
    "STAINED_CLAY-2",
    "STAINED_CLAY-3",
    "STAINED_CLAY-4",
    "STAINED_CLAY-5",
    "STAINED_CLAY-6",
    "STAINED_CLAY-7",
    "STAINED_CLAY-8",
    "STAINED_CLAY-9",
    "STAINED_CLAY-10",
    "STAINED_CLAY-11",
    "STAINED_CLAY-12",
    "STAINED_CLAY-13",
    "STAINED_CLAY-14",
    "STAINED_CLAY-15"
  ],
  "STAINED_GLASS":[
    "STAINED_GLASS-1",
    "STAINED_GLASS-2",
    "STAINED_GLASS-3",
    "STAINED_GLASS-4",
    "STAINED_GLASS-5",
    "STAINED_GLASS-6",
    "STAINED_GLASS-7",
    "STAINED_GLASS-8",
    "STAINED_GLASS-9",
    "STAINED_GLASS-10",
    "STAINED_GLASS-11",
    "STAINED_GLASS-12",
    "STAINED_GLASS-13",
    "STAINED_GLASS-14",
    "STAINED_GLASS-15"
  ],
  "STAINED_GLASS_PANE":[
    "STAINED_GLASS_PANE-1",
    "STAINED_GLASS_PANE-2",
    "STAINED_GLASS_PANE-3",
    "STAINED_GLASS_PANE-4",
    "STAINED_GLASS_PANE-5",
    "STAINED_GLASS_PANE-6",
    "STAINED_GLASS_PANE-7",
    "STAINED_GLASS_PANE-8",
    "STAINED_GLASS_PANE-9",
    "STAINED_GLASS_PANE-10",
    "STAINED_GLASS_PANE-11",
    "STAINED_GLASS_PANE-12",
    "STAINED_GLASS_PANE-13",
    "STAINED_GLASS_PANE-14",
    "STAINED_GLASS_PANE-15"
  ],
  "STEP":[
    "STEP-1",
    "STEP-3",
    "STEP-4",
    "STEP-5",
    "STEP-6",
    "STEP-7"
  ],
  "STONE":[
    "STONE-1",
    "STONE-2",
    "STONE-3",
    "STONE-4",
    "STONE-5",
    "STONE-6"
  ],
  "STONE_BLADE":[
    "STARRED_STONE_BLADE"
  ],
  "SUGAR_RUSH;1":[
    "SUGAR_RUSH;2",
    "SUGAR_RUSH;3"
  ],
  "THORNS;1":[
    "THORNS;2",
    "THORNS;3"
  ],
  "THEORETICAL_HOE_WHEAT_3":[
    "THEORETICAL_HOE_WHEAT_2",
    "THEORETICAL_HOE_WHEAT_1"
  ],
  "THEORETICAL_HOE_WARTS_3":[
    "THEORETICAL_HOE_WARTS_2",
    "THEORETICAL_HOE_WARTS_1"
  ],
  "THEORETICAL_HOE_POTATO_3":[
    "THEORETICAL_HOE_POTATO_2",
    "THEORETICAL_HOE_POTATO_1"
  ],
  "THEORETICAL_HOE_CARROT_3":[
    "THEORETICAL_HOE_CARROT_2",
    "THEORETICAL_HOE_CARROT_1"
  ],
  "THEORETICAL_HOE_CANE_3":[
    "THEORETICAL_HOE_CANE_2",
    "THEORETICAL_HOE_CANE_1"
  ],
  "THUNDERLORD;1":[
    "THUNDERLORD;2",
    "THUNDERLORD;3",
    "THUNDERLORD;4",
    "THUNDERLORD;5",
    "THUNDERLORD;6"
  ],
  "THUNDERBOLT;1":[
    "THUNDERBOLT;2",
    "THUNDERBOLT;3",
    "THUNDERBOLT;4",
    "THUNDERBOLT;5",
    "THUNDERBOLT;6"
  ],
  "TITAN_KILLER;1":[
    "TITAN_KILLER;2",
    "TITAN_KILLER;3",
    "TITAN_KILLER;4",
    "TITAN_KILLER;5",
    "TITAN_KILLER;6",
    "TITAN_KILLER;7"
  ],
  "TRIPLE_STRIKE;1":[
    "TRIPLE_STRIKE;2",
    "TRIPLE_STRIKE;3",
    "TRIPLE_STRIKE;4",
    "TRIPLE_STRIKE;5"
  ],
  "TURBO_CACTUS;1":[
    "TURBO_CACTUS;2",
    "TURBO_CACTUS;3",
    "TURBO_CACTUS;4",
    "TURBO_CACTUS;5"
  ],
  "TURBO_CANE;1":[
    "TURBO_CANE;2",
    "TURBO_CANE;3",
    "TURBO_CANE;4",
    "TURBO_CANE;5"
  ],
  "TURBO_CARROT;1":[
    "TURBO_CARROT;2",
    "TURBO_CARROT;3",
    "TURBO_CARROT;4",
    "TURBO_CARROT;5"
  ],
  "TURBO_COCO;1":[
    "TURBO_COCO;2",
    "TURBO_COCO;3",
    "TURBO_COCO;4",
    "TURBO_COCO;5"
  ],
  "TURBO_MELON;1":[
    "TURBO_MELON;2",
    "TURBO_MELON;3",
    "TURBO_MELON;4",
    "TURBO_MELON;5"
  ],
  "TURBO_MUSHROOMS;1":[
    "TURBO_MUSHROOMS;2",
    "TURBO_MUSHROOMS;3",
    "TURBO_MUSHROOMS;4",
    "TURBO_MUSHROOMS;5"
  ],
  "TURBO_POTATO;1":[
    "TURBO_POTATO;2",
    "TURBO_POTATO;3",
    "TURBO_POTATO;4",
    "TURBO_POTATO;5"
  ],
  "TURBO_PUMPKIN;1":[
    "TURBO_PUMPKIN;2",
    "TURBO_PUMPKIN;3",
    "TURBO_PUMPKIN;4",
    "TURBO_PUMPKIN;5"
  ],
  "TURBO_WARTS;1":[
    "TURBO_WARTS;2",
    "TURBO_WARTS;3",
    "TURBO_WARTS;4",
    "TURBO_WARTS;5"
  ],
  "TURBO_WHEAT;1":[
    "TURBO_WHEAT;2",
    "TURBO_WHEAT;3",
    "TURBO_WHEAT;4",
    "TURBO_WHEAT;5"
  ],
  "ULTIMATE_BANK;1":[
    "ULTIMATE_BANK;2",
    "ULTIMATE_BANK;3",
    "ULTIMATE_BANK;4",
    "ULTIMATE_BANK;5"
  ],
  "ULTIMATE_CHIMERA;1":[
    "ULTIMATE_CHIMERA;2",
    "ULTIMATE_CHIMERA;3",
    "ULTIMATE_CHIMERA;4",
    "ULTIMATE_CHIMERA;5"
  ],
  "ULTIMATE_COMBO;1":[
    "ULTIMATE_COMBO;2",
    "ULTIMATE_COMBO;3",
    "ULTIMATE_COMBO;4",
    "ULTIMATE_COMBO;5"
  ],
  "ULTIMATE_JERRY;1":[
    "ULTIMATE_JERRY;2",
    "ULTIMATE_JERRY;3",
    "ULTIMATE_JERRY;4",
    "ULTIMATE_JERRY;5"
  ],
  "ULTIMATE_LAST_STAND;1":[
    "ULTIMATE_LAST_STAND;2",
    "ULTIMATE_LAST_STAND;3",
    "ULTIMATE_LAST_STAND;4",
    "ULTIMATE_LAST_STAND;5"
  ],
  "ULTIMATE_LEGION;1":[
    "ULTIMATE_LEGION;2",
    "ULTIMATE_LEGION;3",
    "ULTIMATE_LEGION;4",
    "ULTIMATE_LEGION;5"
  ],
  "ULTIMATE_NO_PAIN_NO_GAIN;1":[
    "ULTIMATE_NO_PAIN_NO_GAIN;2",
    "ULTIMATE_NO_PAIN_NO_GAIN;3",
    "ULTIMATE_NO_PAIN_NO_GAIN;4",
    "ULTIMATE_NO_PAIN_NO_GAIN;5"
  ],
  "ULTIMATE_REND;1":[
    "ULTIMATE_REND;2",
    "ULTIMATE_REND;3",
    "ULTIMATE_REND;4",
    "ULTIMATE_REND;5"
  ],
  "ULTIMATE_SOUL_EATER;1":[
    "ULTIMATE_SOUL_EATER;2",
    "ULTIMATE_SOUL_EATER;3",
    "ULTIMATE_SOUL_EATER;4",
    "ULTIMATE_SOUL_EATER;5"
  ],
  "ULTIMATE_SWARM;1":[
    "ULTIMATE_SWARM;2",
    "ULTIMATE_SWARM;3",
    "ULTIMATE_SWARM;4",
    "ULTIMATE_SWARM;5"
  ],
  "ULTIMATE_WISDOM;1":[
    "ULTIMATE_WISDOM;2",
    "ULTIMATE_WISDOM;3",
    "ULTIMATE_WISDOM;4",
    "ULTIMATE_WISDOM;5"
  ],
  "ULTIMATE_WISE;1":[
    "ULTIMATE_WISE;2",
    "ULTIMATE_WISE;3",
    "ULTIMATE_WISE;4",
    "ULTIMATE_WISE;5"
  ],
  "VAMPIRISM;1":[
    "VAMPIRISM;2",
    "VAMPIRISM;3",
    "VAMPIRISM;4",
    "VAMPIRISM;5",
    "VAMPIRISM;6"
  ],
  "VENOMOUS;1":[
    "VENOMOUS;2",
    "VENOMOUS;3",
    "VENOMOUS;4",
    "VENOMOUS;5",
    "VENOMOUS;6"
  ],
  "VICIOUS;3":[
    "VICIOUS;4",
    "VICIOUS;5"
  ],
  "WEDDING_RING_9":[
    "WEDDING_RING_8",
    "WEDDING_RING_7",
    "WEDDING_RING_6",
    "WEDDING_RING_5",
    "WEDDING_RING_4",
    "WEDDING_RING_3",
    "WEDDING_RING_2",
    "WEDDING_RING_1",
    "WEDDING_RING_0"
  ],
  "WITHER_BOOTS":[
    "POWER_WITHER_BOOTS",
    "SPEED_WITHER_BOOTS",
    "TANK_WITHER_BOOTS",
    "WISE_WITHER_BOOTS"
  ],
  "WITHER_CHESTPLATE":[
    "POWER_WITHER_CHESTPLATE",
    "SPEED_WITHER_CHESTPLATE",
    "TANK_WITHER_CHESTPLATE",
    "WISE_WITHER_CHESTPLATE"
  ],
  "WITHER_HELMET":[
    "POWER_WITHER_HELMET",
    "SPEED_WITHER_HELMET",
    "TANK_WITHER_HELMET",
    "WISE_WITHER_HELMET"
  ],
  "WITHER_LEGGINGS":[
    "POWER_WITHER_LEGGINGS",
    "SPEED_WITHER_LEGGINGS",
    "TANK_WITHER_LEGGINGS",
    "WISE_WITHER_LEGGINGS"
  ],
  "WOOD":[
    "WOOD-1",
    "WOOD-2",
    "WOOD-3",
    "WOOD-4",
    "WOOD-5"
  ],
  "WOOD_STEP":[
    "WOOD_STEP-1",
    "WOOD_STEP-2",
    "WOOD_STEP-3",
    "WOOD_STEP-4",
    "WOOD_STEP-5"
  ],
  "WOOL":[
    "WOOL-1",
    "WOOL-2",
    "WOOL-3",
    "WOOL-4",
    "WOOL-5",
    "WOOL-6",
    "WOOL-7",
    "WOOL-8",
    "WOOL-9",
    "WOOL-10",
    "WOOL-11",
    "WOOL-12",
    "WOOL-13",
    "WOOL-14",
    "WOOL-15"
  ],
  "BEE;4":[
    "BEE;3",
    "BEE;2",
    "BEE;1",
    "BEE;0"
  ],
  "CHICKEN;4":[
    "CHICKEN;3",
    "CHICKEN;2",
    "CHICKEN;1",
    "CHICKEN;0"
  ],
  "ELEPHANT;4":[
    "ELEPHANT;3",
    "ELEPHANT;2",
    "ELEPHANT;1",
    "ELEPHANT;0"
  ],
  "PIG;4":[
    "PIG;3",
    "PIG;2",
    "PIG;1",
    "PIG;0"
  ],
  "RABBIT;4":[
    "RABBIT;3",
    "RABBIT;2",
    "RABBIT;1",
    "RABBIT;0"
  ],
  "GIRAFFE;4":[
    "GIRAFFE;3",
    "GIRAFFE;2",
    "GIRAFFE;1",
    "GIRAFFE;0"
  ],
  "LION;4":[
    "LION;3",
    "LION;2",
    "LION;1",
    "LION;0"
  ],
  "MONKEY;4":[
    "MONKEY;3",
    "MONKEY;2",
    "MONKEY;1",
    "MONKEY;0"
  ],
  "OCELOT;4":[
    "OCELOT;3",
    "OCELOT;2",
    "OCELOT;1",
    "OCELOT;0"
  ],
  "GUARDIAN;4":[
    "GUARDIAN;3",
    "GUARDIAN;2",
    "GUARDIAN;1",
    "GUARDIAN;0"
  ],
  "BAT;4":[
    "BAT;3",
    "BAT;2",
    "BAT;1",
    "BAT;0"
  ],
  "ENDERMITE;4":[
    "ENDERMITE;3",
    "ENDERMITE;2",
    "ENDERMITE;1",
    "ENDERMITE;0"
  ],
  "ROCK;4":[
    "ROCK;3",
    "ROCK;2",
    "ROCK;1",
    "ROCK;0"
  ],
  "SILVERFISH;4":[
    "SILVERFISH;3",
    "SILVERFISH;2",
    "SILVERFISH;1",
    "SILVERFISH;0"
  ],
  "BLUE_WHALE;4":[
    "BLUE_WHALE;3",
    "BLUE_WHALE;2",
    "BLUE_WHALE;1",
    "BLUE_WHALE;0"
  ],
  "DOLPHIN;4":[
    "DOLPHIN;3",
    "DOLPHIN;2",
    "DOLPHIN;1",
    "DOLPHIN;0"
  ],
  "SQUID;4":[
    "SQUID;3",
    "SQUID;2",
    "SQUID;1",
    "SQUID;0"
  ],
  "SHEEP;4":[
    "SHEEP;3",
    "SHEEP;2",
    "SHEEP;1",
    "SHEEP;0"
  ],
  "ENDERMAN;5":[
    "ENDERMAN;4",
    "ENDERMAN;3",
    "ENDERMAN;2",
    "ENDERMAN;1",
    "ENDERMAN;0"
  ],
  "GRIFFIN;4":[
    "GRIFFIN;3",
    "GRIFFIN;2",
    "GRIFFIN;1",
    "GRIFFIN;0"
  ],
  "HORSE;4":[
    "HORSE;3",
    "HORSE;2",
    "HORSE;1",
    "HORSE;0"
  ],
  "JERRY;4":[
    "JERRY;3",
    "JERRY;2",
    "JERRY;1",
    "JERRY;0"
  ],
  "MAGMA_CUBE;4":[
    "MAGMA_CUBE;3",
    "MAGMA_CUBE;2",
    "MAGMA_CUBE;1",
    "MAGMA_CUBE;0"
  ],
  "SKELETON;4":[
    "SKELETON;3",
    "SKELETON;2",
    "SKELETON;1",
    "SKELETON;0"
  ],
  "SPIDER;4":[
    "SPIDER;3",
    "SPIDER;2",
    "SPIDER;1",
    "SPIDER;0"
  ],
  "TIGER;4":[
    "TIGER;3",
    "TIGER;2",
    "TIGER;1",
    "TIGER;0"
  ],
  "WOLF;4":[
    "WOLF;3",
    "WOLF;2",
    "WOLF;1",
    "WOLF;0"
  ],
  "ZOMBIE;4":[
    "ZOMBIE;3",
    "ZOMBIE;2",
    "ZOMBIE;1",
    "ZOMBIE;0"
  ],
  "ENDER_DRAGON;4":[
    "ENDER_DRAGON;3"
  ],
  "WITHER_SKELETON;4":[
    "WITHER_SKELETON;3"
  ],
  "BLAZE;4":[
    "BLAZE;3"
  ],
  "GHOUL;4":[
    "GHOUL;3"
  ],
  "GOLEM;4":[
    "GOLEM;3"
  ],
  "HOUND;4":[
    "HOUND;3"
  ],
  "PHOENIX;4":[
    "PHOENIX;3"
  ],
  "PIGMAN;4":[
    "PIGMAN;3"
  ],
  "SPIRIT;4":[
    "SPIRIT;3"
  ],
  "TARANTULA;4":[
    "TARANTULA;3"
  ],
  "TURTLE;4":[
    "TURTLE;3"
  ],
  "BABY_YETI;4":[
    "BABY_YETI;3"
  ],
  "MEGALODON;4":[
    "MEGALODON;3"
  ],
  "PARROT;4":[
    "PARROT;3"
  ],
  "JELLYFISH;4":[
    "JELLYFISH;3"
  ],
  "FLYING_FISH;4":[
    "FLYING_FISH;3",
    "FLYING_FISH;2"
  ],
  "GRIFFIN_UPGRADE_STONE_LEGENDARY":[
    "GRIFFIN_UPGRADE_STONE_EPIC",
    "GRIFFIN_UPGRADE_STONE_RARE",
    "GRIFFIN_UPGRADE_STONE_UNCOMMON",
    "BASE_GRIFFIN_UPGRADE_STONE"
  ],
  "SPEED_ARTIFACT":[
    "SPEED_RING",
    "SPEED_TALISMAN"
  ],
  "FEATHER_ARTIFACT":[
    "FEATHER_RING",
    "FEATHER_TALISMAN"
  ],
  "ARTIFACT_POTION_AFFINITY":[
    "RING_POTION_AFFINITY",
    "POTION_AFFINITY_TALISMAN"
  ],
  "SEA_CREATURE_ARTIFACT":[
    "SEA_CREATURE_RING",
    "SEA_CREATURE_TALISMAN"
  ],
  "ZOMBIE_ARTIFACT":[
    "ZOMBIE_RING",
    "ZOMBIE_TALISMAN"
  ],
  "INTIMIDATION_ARTIFACT":[
    "INTIMIDATION_RING",
    "INTIMIDATION_TALISMAN"
  ],
  "BAT_ARTIFACT":[
    "BAT_RING",
    "BAT_TALISMAN"
  ],
  "SPIDER_ARTIFACT":[
    "SPIDER_RING",
    "SPIDER_TALISMAN"
  ],
  "RED_CLAW_ARTIFACT":[
    "RED_CLAW_RING",
    "RED_CLAW_TALISMAN"
  ],
  "PIGGY_BANK":[
    "CRACKED_PIGGY_BANK",
    "BROKEN_PIGGY_BANK"
  ],
  "HEALING_RING":[
    "HEALING_TALISMAN"
  ],
  "PERSONAL_COMPACTER_7000":[
    "PERSONAL_COMPACTER_6000",
    "PERSONAL_COMPACTER_5000",
    "PERSONAL_COMPACTER_4000"
  ],
  "CANDY_RELIC":[
    "CANDY_ARTIFACT",
    "CANDY_RING",
    "CANDY_TALISMAN"
  ],
  "BEASTMASTER_CREST_LEGENDARY":[
    "BEASTMASTER_CREST_EPIC",
    "BEASTMASTER_CREST_RARE",
    "BEASTMASTER_CREST_UNCOMMON",
    "BEASTMASTER_CREST_COMMON"
  ],
  "RAZOR_SHARP_SHARK_TOOTH_NECKLACE":[
    "SHARP_SHARK_TOOTH_NECKLACE",
    "HONED_SHARK_TOOTH_NECKLACE",
    "DULL_SHARK_TOOTH_NECKLACE",
    "RAGGEDY_SHARK_TOOTH_NECKLACE"
  ],
  "WOLF_RING":[
    "WOLF_TALISMAN"
  ],
  "SEAL_OF_THE_FAMILY":[
    "CROOKED_ARTIFACT",
    "SHADY_RING"
  ],
  "TREASURE_ARTIFACT":[
    "TREASURE_RING",
    "TREASURE_TALISMAN"
  ],
  "SCARF_GRIMOIRE":[
    "SCARF_THESIS",
    "SCARF_STUDIES"
  ],
  "WITHER_RELIC":[
    "WITHER_ARTIFACT"
  ],
  "BAT_PERSON_ARTIFACT":[
    "BAT_PERSON_RING",
    "BAT_PERSON_TALISMAN"
  ],
  "PERSONAL_COMPACTOR_7000":[
    "PERSONAL_COMPACTOR_6000",
    "PERSONAL_COMPACTOR_5000",
    "PERSONAL_COMPACTOR_4000"
  ],
  "ETERNAL_HOOF":[
    "LUCKY_HOOF"
  ],
  "CHEETAH_TALISMAN":[
    "LYNX_TALISMAN",
    "CAT_TALISMAN"
  ],
  "TALISMAN_ENRICHMENT_CRITICAL_CHANCE":[
    "TALISMAN_ENRICHMENT_CRITICAL_DAMAGE",
    "TALISMAN_ENRICHMENT_DEFENSE",
    "TALISMAN_ENRICHMENT_HEALTH",
    "TALISMAN_ENRICHMENT_INTELLIGENCE",
    "TALISMAN_ENRICHMENT_MAGIC_FIND",
    "TALISMAN_ENRICHMENT_WALK_SPEED",
    "TALISMAN_ENRICHMENT_STRENGTH",
    "TALISMAN_ENRICHMENT_ATTACK_SPEED",
    "TALISMAN_ENRICHMENT_FEROCITY",
    "TALISMAN_ENRICHMENT_SEA_CREATURE_CHANCE"
  ],
  "PET_ITEM_COMBAT_SKILL_BOOST_EPIC":[
    "PET_ITEM_COMBAT_SKILL_BOOST_RARE",
    "PET_ITEM_COMBAT_SKILL_BOOST_UNCOMMON",
    "PET_ITEM_COMBAT_SKILL_BOOST_COMMON"
  ],
  "PET_ITEM_FISHING_SKILL_BOOST_EPIC":[
    "PET_ITEM_FISHING_SKILL_BOOST_RARE",
    "PET_ITEM_FISHING_SKILL_BOOST_UNCOMMON",
    "PET_ITEM_FISHING_SKILL_BOOST_COMMON"
  ],
  "PET_ITEM_FARMING_SKILL_BOOST_EPIC":[
    "PET_ITEM_FARMING_SKILL_BOOST_RARE",
    "PET_ITEM_FARMING_SKILL_BOOST_COMMON"
  ],
  "PET_ITEM_FORAGING_SKILL_BOOST_EPIC":[
    "PET_ITEM_FORAGING_SKILL_BOOST_COMMON"
  ],
  "PET_ITEM_MINING_SKILL_BOOST_RARE":[
    "PET_ITEM_MINING_SKILL_BOOST_COMMON"
  ],
  "ALL_SKILLS_SUPER_BOOST":[
    "PET_ITEM_ALL_SKILLS_BOOST_COMMON"
  ],
  "JERRY_BOX_GOLDEN":[
    "JERRY_BOX_PURPLE",
    "JERRY_BOX_BLUE",
    "JERRY_BOX_GREEN"
  ],
  "JERRY_TALISMAN_GOLDEN":[
    "JERRY_TALISMAN_PURPLE",
    "JERRY_TALISMAN_BLUE",
    "JERRY_TALISMAN_GREEN"
  ],
  "COBBLESTONE_GENERATOR_1":[
    "COBBLESTONE_GENERATOR_2",
    "COBBLESTONE_GENERATOR_3",
    "COBBLESTONE_GENERATOR_4",
    "COBBLESTONE_GENERATOR_5",
    "COBBLESTONE_GENERATOR_6",
    "COBBLESTONE_GENERATOR_7",
    "COBBLESTONE_GENERATOR_8",
    "COBBLESTONE_GENERATOR_9",
    "COBBLESTONE_GENERATOR_10",
    "COBBLESTONE_GENERATOR_11",
    "COBBLESTONE_GENERATOR_12"
  ],
  "OBSIDIAN_GENERATOR_1":[
    "OBSIDIAN_GENERATOR_2",
    "OBSIDIAN_GENERATOR_3",
    "OBSIDIAN_GENERATOR_4",
    "OBSIDIAN_GENERATOR_5",
    "OBSIDIAN_GENERATOR_6",
    "OBSIDIAN_GENERATOR_7",
    "OBSIDIAN_GENERATOR_8",
    "OBSIDIAN_GENERATOR_9",
    "OBSIDIAN_GENERATOR_10",
    "OBSIDIAN_GENERATOR_11",
    "OBSIDIAN_GENERATOR_12"
  ],
  "GLOWSTONE_GENERATOR_1":[
    "GLOWSTONE_GENERATOR_2",
    "GLOWSTONE_GENERATOR_3",
    "GLOWSTONE_GENERATOR_4",
    "GLOWSTONE_GENERATOR_5",
    "GLOWSTONE_GENERATOR_6",
    "GLOWSTONE_GENERATOR_7",
    "GLOWSTONE_GENERATOR_8",
    "GLOWSTONE_GENERATOR_9",
    "GLOWSTONE_GENERATOR_10",
    "GLOWSTONE_GENERATOR_11"
  ],
  "GRAVEL_GENERATOR_1":[
    "GRAVEL_GENERATOR_2",
    "GRAVEL_GENERATOR_3",
    "GRAVEL_GENERATOR_4",
    "GRAVEL_GENERATOR_5",
    "GRAVEL_GENERATOR_6",
    "GRAVEL_GENERATOR_7",
    "GRAVEL_GENERATOR_8",
    "GRAVEL_GENERATOR_9",
    "GRAVEL_GENERATOR_10",
    "GRAVEL_GENERATOR_11"
  ],
  "SAND_GENERATOR_1":[
    "SAND_GENERATOR_2",
    "SAND_GENERATOR_3",
    "SAND_GENERATOR_4",
    "SAND_GENERATOR_5",
    "SAND_GENERATOR_6",
    "SAND_GENERATOR_7",
    "SAND_GENERATOR_8",
    "SAND_GENERATOR_9",
    "SAND_GENERATOR_10",
    "SAND_GENERATOR_11"
  ],
  "CLAY_GENERATOR_1":[
    "CLAY_GENERATOR_2",
    "CLAY_GENERATOR_3",
    "CLAY_GENERATOR_4",
    "CLAY_GENERATOR_5",
    "CLAY_GENERATOR_6",
    "CLAY_GENERATOR_7",
    "CLAY_GENERATOR_8",
    "CLAY_GENERATOR_9",
    "CLAY_GENERATOR_10",
    "CLAY_GENERATOR_11"
  ],
  "ICE_GENERATOR_1":[
    "ICE_GENERATOR_2",
    "ICE_GENERATOR_3",
    "ICE_GENERATOR_4",
    "ICE_GENERATOR_5",
    "ICE_GENERATOR_6",
    "ICE_GENERATOR_7",
    "ICE_GENERATOR_8",
    "ICE_GENERATOR_9",
    "ICE_GENERATOR_10",
    "ICE_GENERATOR_11"
  ],
  "SNOW_GENERATOR_1":[
    "SNOW_GENERATOR_2",
    "SNOW_GENERATOR_3",
    "SNOW_GENERATOR_4",
    "SNOW_GENERATOR_5",
    "SNOW_GENERATOR_6",
    "SNOW_GENERATOR_7",
    "SNOW_GENERATOR_8",
    "SNOW_GENERATOR_9",
    "SNOW_GENERATOR_10",
    "SNOW_GENERATOR_11"
  ],
  "COAL_GENERATOR_1":[
    "COAL_GENERATOR_2",
    "COAL_GENERATOR_3",
    "COAL_GENERATOR_4",
    "COAL_GENERATOR_5",
    "COAL_GENERATOR_6",
    "COAL_GENERATOR_7",
    "COAL_GENERATOR_8",
    "COAL_GENERATOR_9",
    "COAL_GENERATOR_10",
    "COAL_GENERATOR_11",
    "COAL_GENERATOR_12"
  ],
  "IRON_GENERATOR_1":[
    "IRON_GENERATOR_2",
    "IRON_GENERATOR_3",
    "IRON_GENERATOR_4",
    "IRON_GENERATOR_5",
    "IRON_GENERATOR_6",
    "IRON_GENERATOR_7",
    "IRON_GENERATOR_8",
    "IRON_GENERATOR_9",
    "IRON_GENERATOR_10",
    "IRON_GENERATOR_11",
    "IRON_GENERATOR_12"
  ],
  "GOLD_GENERATOR_1":[
    "GOLD_GENERATOR_2",
    "GOLD_GENERATOR_3",
    "GOLD_GENERATOR_4",
    "GOLD_GENERATOR_5",
    "GOLD_GENERATOR_6",
    "GOLD_GENERATOR_7",
    "GOLD_GENERATOR_8",
    "GOLD_GENERATOR_9",
    "GOLD_GENERATOR_10",
    "GOLD_GENERATOR_11",
    "GOLD_GENERATOR_12"
  ],
  "DIAMOND_GENERATOR_1":[
    "DIAMOND_GENERATOR_2",
    "DIAMOND_GENERATOR_3",
    "DIAMOND_GENERATOR_4",
    "DIAMOND_GENERATOR_5",
    "DIAMOND_GENERATOR_6",
    "DIAMOND_GENERATOR_7",
    "DIAMOND_GENERATOR_8",
    "DIAMOND_GENERATOR_9",
    "DIAMOND_GENERATOR_10",
    "DIAMOND_GENERATOR_11",
    "DIAMOND_GENERATOR_12"
  ],
  "LAPIS_GENERATOR_1":[
    "LAPIS_GENERATOR_2",
    "LAPIS_GENERATOR_3",
    "LAPIS_GENERATOR_4",
    "LAPIS_GENERATOR_5",
    "LAPIS_GENERATOR_6",
    "LAPIS_GENERATOR_7",
    "LAPIS_GENERATOR_8",
    "LAPIS_GENERATOR_9",
    "LAPIS_GENERATOR_10",
    "LAPIS_GENERATOR_11",
    "LAPIS_GENERATOR_12"
  ],
  "REDSTONE_GENERATOR_1":[
    "REDSTONE_GENERATOR_2",
    "REDSTONE_GENERATOR_3",
    "REDSTONE_GENERATOR_4",
    "REDSTONE_GENERATOR_5",
    "REDSTONE_GENERATOR_6",
    "REDSTONE_GENERATOR_7",
    "REDSTONE_GENERATOR_8",
    "REDSTONE_GENERATOR_9",
    "REDSTONE_GENERATOR_10",
    "REDSTONE_GENERATOR_11",
    "REDSTONE_GENERATOR_12"
  ],
  "EMERALD_GENERATOR_1":[
    "EMERALD_GENERATOR_2",
    "EMERALD_GENERATOR_3",
    "EMERALD_GENERATOR_4",
    "EMERALD_GENERATOR_5",
    "EMERALD_GENERATOR_6",
    "EMERALD_GENERATOR_7",
    "EMERALD_GENERATOR_8",
    "EMERALD_GENERATOR_9",
    "EMERALD_GENERATOR_10",
    "EMERALD_GENERATOR_11",
    "EMERALD_GENERATOR_12"
  ],
  "QUARTZ_GENERATOR_1":[
    "QUARTZ_GENERATOR_2",
    "QUARTZ_GENERATOR_3",
    "QUARTZ_GENERATOR_4",
    "QUARTZ_GENERATOR_5",
    "QUARTZ_GENERATOR_6",
    "QUARTZ_GENERATOR_7",
    "QUARTZ_GENERATOR_8",
    "QUARTZ_GENERATOR_9",
    "QUARTZ_GENERATOR_10",
    "QUARTZ_GENERATOR_11"
  ],
  "ENDER_STONE_GENERATOR_1":[
    "ENDER_STONE_GENERATOR_2",
    "ENDER_STONE_GENERATOR_3",
    "ENDER_STONE_GENERATOR_4",
    "ENDER_STONE_GENERATOR_5",
    "ENDER_STONE_GENERATOR_6",
    "ENDER_STONE_GENERATOR_7",
    "ENDER_STONE_GENERATOR_8",
    "ENDER_STONE_GENERATOR_9",
    "ENDER_STONE_GENERATOR_10",
    "ENDER_STONE_GENERATOR_11"
  ],
  "WHEAT_GENERATOR_1":[
    "WHEAT_GENERATOR_2",
    "WHEAT_GENERATOR_3",
    "WHEAT_GENERATOR_4",
    "WHEAT_GENERATOR_5",
    "WHEAT_GENERATOR_6",
    "WHEAT_GENERATOR_7",
    "WHEAT_GENERATOR_8",
    "WHEAT_GENERATOR_9",
    "WHEAT_GENERATOR_10",
    "WHEAT_GENERATOR_11",
    "WHEAT_GENERATOR_12"
  ],
  "MELON_GENERATOR_1":[
    "MELON_GENERATOR_2",
    "MELON_GENERATOR_3",
    "MELON_GENERATOR_4",
    "MELON_GENERATOR_5",
    "MELON_GENERATOR_6",
    "MELON_GENERATOR_7",
    "MELON_GENERATOR_8",
    "MELON_GENERATOR_9",
    "MELON_GENERATOR_10",
    "MELON_GENERATOR_11",
    "MELON_GENERATOR_12"
  ],
  "PUMPKIN_GENERATOR_1":[
    "PUMPKIN_GENERATOR_2",
    "PUMPKIN_GENERATOR_3",
    "PUMPKIN_GENERATOR_4",
    "PUMPKIN_GENERATOR_5",
    "PUMPKIN_GENERATOR_6",
    "PUMPKIN_GENERATOR_7",
    "PUMPKIN_GENERATOR_8",
    "PUMPKIN_GENERATOR_9",
    "PUMPKIN_GENERATOR_10",
    "PUMPKIN_GENERATOR_11",
    "PUMPKIN_GENERATOR_12"
  ],
  "CARROT_GENERATOR_1":[
    "CARROT_GENERATOR_2",
    "CARROT_GENERATOR_3",
    "CARROT_GENERATOR_4",
    "CARROT_GENERATOR_5",
    "CARROT_GENERATOR_6",
    "CARROT_GENERATOR_7",
    "CARROT_GENERATOR_8",
    "CARROT_GENERATOR_9",
    "CARROT_GENERATOR_10",
    "CARROT_GENERATOR_11",
    "CARROT_GENERATOR_12"
  ],
  "POTATO_GENERATOR_1":[
    "POTATO_GENERATOR_2",
    "POTATO_GENERATOR_3",
    "POTATO_GENERATOR_4",
    "POTATO_GENERATOR_5",
    "POTATO_GENERATOR_6",
    "POTATO_GENERATOR_7",
    "POTATO_GENERATOR_8",
    "POTATO_GENERATOR_9",
    "POTATO_GENERATOR_10",
    "POTATO_GENERATOR_11",
    "POTATO_GENERATOR_12"
  ],
  "MUSHROOM_GENERATOR_1":[
    "MUSHROOM_GENERATOR_2",
    "MUSHROOM_GENERATOR_3",
    "MUSHROOM_GENERATOR_4",
    "MUSHROOM_GENERATOR_5",
    "MUSHROOM_GENERATOR_6",
    "MUSHROOM_GENERATOR_7",
    "MUSHROOM_GENERATOR_8",
    "MUSHROOM_GENERATOR_9",
    "MUSHROOM_GENERATOR_10",
    "MUSHROOM_GENERATOR_11",
    "MUSHROOM_GENERATOR_12"
  ],
  "CACTUS_GENERATOR_1":[
    "CACTUS_GENERATOR_2",
    "CACTUS_GENERATOR_3",
    "CACTUS_GENERATOR_4",
    "CACTUS_GENERATOR_5",
    "CACTUS_GENERATOR_6",
    "CACTUS_GENERATOR_7",
    "CACTUS_GENERATOR_8",
    "CACTUS_GENERATOR_9",
    "CACTUS_GENERATOR_10",
    "CACTUS_GENERATOR_11",
    "CACTUS_GENERATOR_12"
  ],
  "COCOA_GENERATOR_1":[
    "COCOA_GENERATOR_2",
    "COCOA_GENERATOR_3",
    "COCOA_GENERATOR_4",
    "COCOA_GENERATOR_5",
    "COCOA_GENERATOR_6",
    "COCOA_GENERATOR_7",
    "COCOA_GENERATOR_8",
    "COCOA_GENERATOR_9",
    "COCOA_GENERATOR_10",
    "COCOA_GENERATOR_11",
    "COCOA_GENERATOR_12"
  ],
  "SUGAR_CANE_GENERATOR_1":[
    "SUGAR_CANE_GENERATOR_2",
    "SUGAR_CANE_GENERATOR_3",
    "SUGAR_CANE_GENERATOR_4",
    "SUGAR_CANE_GENERATOR_5",
    "SUGAR_CANE_GENERATOR_6",
    "SUGAR_CANE_GENERATOR_7",
    "SUGAR_CANE_GENERATOR_8",
    "SUGAR_CANE_GENERATOR_9",
    "SUGAR_CANE_GENERATOR_10",
    "SUGAR_CANE_GENERATOR_11", 
    "SUGAR_CANE_GENERATOR_12"
  ],
  "NETHER_WARTS_GENERATOR_1":[
    "NETHER_WARTS_GENERATOR_2",
    "NETHER_WARTS_GENERATOR_3",
    "NETHER_WARTS_GENERATOR_4",
    "NETHER_WARTS_GENERATOR_5",
    "NETHER_WARTS_GENERATOR_6",
    "NETHER_WARTS_GENERATOR_7",
    "NETHER_WARTS_GENERATOR_8",
    "NETHER_WARTS_GENERATOR_9",
    "NETHER_WARTS_GENERATOR_10",
    "NETHER_WARTS_GENERATOR_11",
    "NETHER_WARTS_GENERATOR_12"
  ],
  "FLOWER_GENERATOR_1":[
    "FLOWER_GENERATOR_2",
    "FLOWER_GENERATOR_3",
    "FLOWER_GENERATOR_4",
    "FLOWER_GENERATOR_5",
    "FLOWER_GENERATOR_6",
    "FLOWER_GENERATOR_7",
    "FLOWER_GENERATOR_8",
    "FLOWER_GENERATOR_9",
    "FLOWER_GENERATOR_10",
    "FLOWER_GENERATOR_11"
  ],
  "FISHING_GENERATOR_1":[
    "FISHING_GENERATOR_2",
    "FISHING_GENERATOR_3",
    "FISHING_GENERATOR_4",
    "FISHING_GENERATOR_5",
    "FISHING_GENERATOR_6",
    "FISHING_GENERATOR_7",
    "FISHING_GENERATOR_8",
    "FISHING_GENERATOR_9",
    "FISHING_GENERATOR_10",
    "FISHING_GENERATOR_11"
  ],
  "ZOMBIE_GENERATOR_1":[
    "ZOMBIE_GENERATOR_2",
    "ZOMBIE_GENERATOR_3",
    "ZOMBIE_GENERATOR_4",
    "ZOMBIE_GENERATOR_5",
    "ZOMBIE_GENERATOR_6",
    "ZOMBIE_GENERATOR_7",
    "ZOMBIE_GENERATOR_8",
    "ZOMBIE_GENERATOR_9",
    "ZOMBIE_GENERATOR_10",
    "ZOMBIE_GENERATOR_11"
  ],
  "REVENANT_GENERATOR_1":[
    "REVENANT_GENERATOR_2",
    "REVENANT_GENERATOR_3",
    "REVENANT_GENERATOR_4",
    "REVENANT_GENERATOR_5",
    "REVENANT_GENERATOR_6",
    "REVENANT_GENERATOR_7",
    "REVENANT_GENERATOR_8",
    "REVENANT_GENERATOR_9",
    "REVENANT_GENERATOR_10",
    "REVENANT_GENERATOR_11",
    "REVENANT_GENERATOR_12"
  ],
  "SKELETON_GENERATOR_1":[
    "SKELETON_GENERATOR_2",
    "SKELETON_GENERATOR_3",
    "SKELETON_GENERATOR_4",
    "SKELETON_GENERATOR_5",
    "SKELETON_GENERATOR_6",
    "SKELETON_GENERATOR_7",
    "SKELETON_GENERATOR_8",
    "SKELETON_GENERATOR_9",
    "SKELETON_GENERATOR_10",
    "SKELETON_GENERATOR_11"
  ],
  "CREEPER_GENERATOR_1":[
    "CREEPER_GENERATOR_2",
    "CREEPER_GENERATOR_3",
    "CREEPER_GENERATOR_4",
    "CREEPER_GENERATOR_5",
    "CREEPER_GENERATOR_6",
    "CREEPER_GENERATOR_7",
    "CREEPER_GENERATOR_8",
    "CREEPER_GENERATOR_9",
    "CREEPER_GENERATOR_10",
    "CREEPER_GENERATOR_11"
  ],
  "SPIDER_GENERATOR_1":[
    "SPIDER_GENERATOR_2",
    "SPIDER_GENERATOR_3",
    "SPIDER_GENERATOR_4",
    "SPIDER_GENERATOR_5",
    "SPIDER_GENERATOR_6",
    "SPIDER_GENERATOR_7",
    "SPIDER_GENERATOR_8",
    "SPIDER_GENERATOR_9",
    "SPIDER_GENERATOR_10",
    "SPIDER_GENERATOR_11"
  ],
  "TARANTULA_GENERATOR_1":[
    "TARANTULA_GENERATOR_2",
    "TARANTULA_GENERATOR_3",
    "TARANTULA_GENERATOR_4",
    "TARANTULA_GENERATOR_5",
    "TARANTULA_GENERATOR_6",
    "TARANTULA_GENERATOR_7",
    "TARANTULA_GENERATOR_8",
    "TARANTULA_GENERATOR_9",
    "TARANTULA_GENERATOR_10",
    "TARANTULA_GENERATOR_11"
  ],
  "CAVESPIDER_GENERATOR_1":[
    "CAVESPIDER_GENERATOR_2",
    "CAVESPIDER_GENERATOR_3",
    "CAVESPIDER_GENERATOR_4",
    "CAVESPIDER_GENERATOR_5",
    "CAVESPIDER_GENERATOR_6",
    "CAVESPIDER_GENERATOR_7",
    "CAVESPIDER_GENERATOR_8",
    "CAVESPIDER_GENERATOR_9",
    "CAVESPIDER_GENERATOR_10",
    "CAVESPIDER_GENERATOR_11"
  ],
  "BLAZE_GENERATOR_1":[
    "BLAZE_GENERATOR_2",
    "BLAZE_GENERATOR_3",
    "BLAZE_GENERATOR_4",
    "BLAZE_GENERATOR_5",
    "BLAZE_GENERATOR_6",
    "BLAZE_GENERATOR_7",
    "BLAZE_GENERATOR_8",
    "BLAZE_GENERATOR_9",
    "BLAZE_GENERATOR_10",
    "BLAZE_GENERATOR_11"
  ],
  "MAGMA_CUBE_GENERATOR_1":[
    "MAGMA_CUBE_GENERATOR_2",
    "MAGMA_CUBE_GENERATOR_3",
    "MAGMA_CUBE_GENERATOR_4",
    "MAGMA_CUBE_GENERATOR_5",
    "MAGMA_CUBE_GENERATOR_6",
    "MAGMA_CUBE_GENERATOR_7",
    "MAGMA_CUBE_GENERATOR_8",
    "MAGMA_CUBE_GENERATOR_9",
    "MAGMA_CUBE_GENERATOR_10",
    "MAGMA_CUBE_GENERATOR_11"
  ],
  "ENDERMAN_GENERATOR_1":[
    "ENDERMAN_GENERATOR_2",
    "ENDERMAN_GENERATOR_3",
    "ENDERMAN_GENERATOR_4",
    "ENDERMAN_GENERATOR_5",
    "ENDERMAN_GENERATOR_6",
    "ENDERMAN_GENERATOR_7",
    "ENDERMAN_GENERATOR_8",
    "ENDERMAN_GENERATOR_9",
    "ENDERMAN_GENERATOR_10",
    "ENDERMAN_GENERATOR_11"
  ],
  "GHAST_GENERATOR_1":[
    "GHAST_GENERATOR_2",
    "GHAST_GENERATOR_3",
    "GHAST_GENERATOR_4",
    "GHAST_GENERATOR_5",
    "GHAST_GENERATOR_6",
    "GHAST_GENERATOR_7",
    "GHAST_GENERATOR_8",
    "GHAST_GENERATOR_9",
    "GHAST_GENERATOR_10",
    "GHAST_GENERATOR_11"
  ],
  "SLIME_GENERATOR_1":[
    "SLIME_GENERATOR_2",
    "SLIME_GENERATOR_3",
    "SLIME_GENERATOR_4",
    "SLIME_GENERATOR_5",
    "SLIME_GENERATOR_6",
    "SLIME_GENERATOR_7",
    "SLIME_GENERATOR_8",
    "SLIME_GENERATOR_9",
    "SLIME_GENERATOR_10",
    "SLIME_GENERATOR_11"
  ],
  "COW_GENERATOR_1":[
    "COW_GENERATOR_2",
    "COW_GENERATOR_3",
    "COW_GENERATOR_4",
    "COW_GENERATOR_5",
    "COW_GENERATOR_6",
    "COW_GENERATOR_7",
    "COW_GENERATOR_8",
    "COW_GENERATOR_9",
    "COW_GENERATOR_10",
    "COW_GENERATOR_11",
    "COW_GENERATOR_12"
  ],
  "PIG_GENERATOR_1":[
    "PIG_GENERATOR_2",
    "PIG_GENERATOR_3",
    "PIG_GENERATOR_4",
    "PIG_GENERATOR_5",
    "PIG_GENERATOR_6",
    "PIG_GENERATOR_7",
    "PIG_GENERATOR_8",
    "PIG_GENERATOR_9",
    "PIG_GENERATOR_10",
    "PIG_GENERATOR_11",
    "PIG_GENERATOR_12"
  ],
  "CHICKEN_GENERATOR_1":[
    "CHICKEN_GENERATOR_2",
    "CHICKEN_GENERATOR_3",
    "CHICKEN_GENERATOR_4",
    "CHICKEN_GENERATOR_5",
    "CHICKEN_GENERATOR_6",
    "CHICKEN_GENERATOR_7",
    "CHICKEN_GENERATOR_8",
    "CHICKEN_GENERATOR_9",
    "CHICKEN_GENERATOR_10",
    "CHICKEN_GENERATOR_11",
    "CHICKEN_GENERATOR_12"
  ],
  "SHEEP_GENERATOR_1":[
    "SHEEP_GENERATOR_2",
    "SHEEP_GENERATOR_3",
    "SHEEP_GENERATOR_4",
    "SHEEP_GENERATOR_5",
    "SHEEP_GENERATOR_6",
    "SHEEP_GENERATOR_7",
    "SHEEP_GENERATOR_8",
    "SHEEP_GENERATOR_9",
    "SHEEP_GENERATOR_10",
    "SHEEP_GENERATOR_11",
    "SHEEP_GENERATOR_12"
  ],
  "RABBIT_GENERATOR_1":[
    "RABBIT_GENERATOR_2",
    "RABBIT_GENERATOR_3",
    "RABBIT_GENERATOR_4",
    "RABBIT_GENERATOR_5",
    "RABBIT_GENERATOR_6",
    "RABBIT_GENERATOR_7",
    "RABBIT_GENERATOR_8",
    "RABBIT_GENERATOR_9",
    "RABBIT_GENERATOR_10",
    "RABBIT_GENERATOR_11",
    "RABBIT_GENERATOR_12"
  ],
  "OAK_GENERATOR_1":[
    "OAK_GENERATOR_2",
    "OAK_GENERATOR_3",
    "OAK_GENERATOR_4",
    "OAK_GENERATOR_5",
    "OAK_GENERATOR_6",
    "OAK_GENERATOR_7",
    "OAK_GENERATOR_8",
    "OAK_GENERATOR_9",
    "OAK_GENERATOR_10",
    "OAK_GENERATOR_11"
  ],
  "SPRUCE_GENERATOR_1":[
    "SPRUCE_GENERATOR_2",
    "SPRUCE_GENERATOR_3",
    "SPRUCE_GENERATOR_4",
    "SPRUCE_GENERATOR_5",
    "SPRUCE_GENERATOR_6",
    "SPRUCE_GENERATOR_7",
    "SPRUCE_GENERATOR_8",
    "SPRUCE_GENERATOR_9",
    "SPRUCE_GENERATOR_10",
    "SPRUCE_GENERATOR_11"
  ],
  "BIRCH_GENERATOR_1":[
    "BIRCH_GENERATOR_2",
    "BIRCH_GENERATOR_3",
    "BIRCH_GENERATOR_4",
    "BIRCH_GENERATOR_5",
    "BIRCH_GENERATOR_6",
    "BIRCH_GENERATOR_7",
    "BIRCH_GENERATOR_8",
    "BIRCH_GENERATOR_9",
    "BIRCH_GENERATOR_10",
    "BIRCH_GENERATOR_11"
  ],
  "DARK_OAK_GENERATOR_1":[
    "DARK_OAK_GENERATOR_2",
    "DARK_OAK_GENERATOR_3",
    "DARK_OAK_GENERATOR_4",
    "DARK_OAK_GENERATOR_5",
    "DARK_OAK_GENERATOR_6",
    "DARK_OAK_GENERATOR_7",
    "DARK_OAK_GENERATOR_8",
    "DARK_OAK_GENERATOR_9",
    "DARK_OAK_GENERATOR_10",
    "DARK_OAK_GENERATOR_11"
  ],
  "ACACIA_GENERATOR_1":[
    "ACACIA_GENERATOR_2",
    "ACACIA_GENERATOR_3",
    "ACACIA_GENERATOR_4",
    "ACACIA_GENERATOR_5",
    "ACACIA_GENERATOR_6",
    "ACACIA_GENERATOR_7",
    "ACACIA_GENERATOR_8",
    "ACACIA_GENERATOR_9",
    "ACACIA_GENERATOR_10",
    "ACACIA_GENERATOR_11"
  ],
  "JUNGLE_GENERATOR_1":[
    "JUNGLE_GENERATOR_2",
    "JUNGLE_GENERATOR_3",
    "JUNGLE_GENERATOR_4",
    "JUNGLE_GENERATOR_5",
    "JUNGLE_GENERATOR_6",
    "JUNGLE_GENERATOR_7",
    "JUNGLE_GENERATOR_8",
    "JUNGLE_GENERATOR_9",
    "JUNGLE_GENERATOR_10",
    "JUNGLE_GENERATOR_11"
  ],
  "MITHRIL_GENERATOR_1":[
    "MITHRIL_GENERATOR_2",
    "MITHRIL_GENERATOR_3",
    "MITHRIL_GENERATOR_4",
    "MITHRIL_GENERATOR_5",
    "MITHRIL_GENERATOR_6",
    "MITHRIL_GENERATOR_7",
    "MITHRIL_GENERATOR_8",
    "MITHRIL_GENERATOR_9",
    "MITHRIL_GENERATOR_10",
    "MITHRIL_GENERATOR_11",
    "MITHRIL_GENERATOR_12"
  ],
  "LARGE_AGRONOMY_SACK":[
    "MEDIUM_AGRONOMY_SACK",
    "SMALL_AGRONOMY_SACK"

  ],
  "LARGE_COMBAT_SACK":[
    "MEDIUM_COMBAT_SACK",
    "SMALL_COMBAT_SACK"
  ],
  "LARGE_FISHING_SACK":[
    "MEDIUM_FISHING_SACK",
    "SMALL_FISHING_SACK"
  ],
  "LARGE_FORAGING_SACK":[
    "MEDIUM_FORAGING_SACK",
    "SMALL_FORAGING_SACK"
  ],
  "LARGE_HUSBANDRY_SACK":[
    "MEDIUM_HUSBANDRY_SACK",
    "SMALL_HUSBANDRY_SACK"
  ],
  "LARGE_MINING_SACK":[
    "MEDIUM_MINING_SACK",
    "SMALL_MINING_SACK"
  ],
  "LARGE_SLAYER_SACK":[
    "MEDIUM_SLAYER_SACK",
    "SMALL_SLAYER_SACK"
  ],
  "MITHRIL_GOLEM;4":[
    "MITHRIL_GOLEM;3",
    "MITHRIL_GOLEM;2",
    "MITHRIL_GOLEM;1",
    "MITHRIL_GOLEM;0"
  ],
  "BEACON_1":[
    "BEACON_2",
    "BEACON_3",
    "BEACON_4",
    "BEACON_5"
  ],
  "TITANIUM_RELIC":[
    "TITANIUM_ARTIFACT",
    "TITANIUM_RING",
    "TITANIUM_TALISMAN"
  ],
  "TITANIUM_DRILL_3":[
    "TITANIUM_DRILL_2",
    "TITANIUM_DRILL_1",
    "MITHRIL_DRILL_2",
    "MITHRIL_DRILL_1"
  ],
  "SIMPLE_CARROT_CANDY":[
    "GREAT_CARROT_CANDY",
    "SUPERB_CARROT_CANDY",
    "ULTIMATE_CARROT_CANDY"
  ],
  "WHITE_GIFT":[
    "GREEN_GIFT",
    "RED_GIFT",
    "GOLD_GIFT"
  ],
  "SUPERIOR_BABY":[
    "STRONG_BABY",
    "UNSTABLE_BABY",
    "YOUNG_BABY",
    "WISE_BABY",
    "HOLY_BABY",
    "OLD_BABY",
    "PROTECTOR_BABY"
  ],
  "PET_SKIN_SHEEP_BLACK":[
    "PET_SKIN_SHEEP_PURPLE",
    "PET_SKIN_SHEEP_PINK",
    "PET_SKIN_SHEEP_LIGHT_GREEN",
    "PET_SKIN_SHEEP_LIGHT_BLUE",
    "PET_SKIN_SHEEP_WHITE",
    "PET_SKIN_SHEEP_NEON_RED",
    "PET_SKIN_SHEEP_NEON_GREEN",
    "PET_SKIN_SHEEP_NEON_BLUE",
    "PET_SKIN_SHEEP_NEON_YELLOW"
  ],
  "PET_SKIN_ELEPHANT_RED":[
    "PET_SKIN_ELEPHANT_GREEN",
    "PET_SKIN_ELEPHANT_BLUE",
    "PET_SKIN_ELEPHANT_PURPLE",
    "PET_SKIN_ELEPHANT_PINK",
    "PET_SKIN_ELEPHANT_ORANGE"
  ],
  "PET_SKIN_ROCK_COOL":[
    "PET_SKIN_ROCK_DERP",
    "PET_SKIN_ROCK_LAUGH",
    "PET_SKIN_ROCK_SMILE",
    "PET_SKIN_ROCK_THINKING",
    "PET_SKIN_ROCK_EMBARRASSED"
  ],
  "PET_SKIN_DRAGON_NEON_RED":[
    "PET_SKIN_DRAGON_NEON_BLUE",
    "PET_SKIN_DRAGON_NEON_PURPLE",
    "PET_SKIN_DRAGON_PASTEL"
  ],
  "CAMPFIRE_TALISMAN_1":[
    "CAMPFIRE_TALISMAN_2",
    "CAMPFIRE_TALISMAN_3",
    "CAMPFIRE_TALISMAN_4",
    "CAMPFIRE_TALISMAN_5",
    "CAMPFIRE_TALISMAN_6",
    "CAMPFIRE_TALISMAN_7",
    "CAMPFIRE_TALISMAN_8",
    "CAMPFIRE_TALISMAN_9",
    "CAMPFIRE_TALISMAN_10",
    "CAMPFIRE_TALISMAN_11",
    "CAMPFIRE_TALISMAN_12",
    "CAMPFIRE_TALISMAN_13",
    "CAMPFIRE_TALISMAN_14",
    "CAMPFIRE_TALISMAN_15",
    "CAMPFIRE_TALISMAN_16",
    "CAMPFIRE_TALISMAN_17",
    "CAMPFIRE_TALISMAN_18",
    "CAMPFIRE_TALISMAN_19",
    "CAMPFIRE_TALISMAN_20",
    "CAMPFIRE_TALISMAN_21",
    "CAMPFIRE_TALISMAN_22",
    "CAMPFIRE_TALISMAN_23",
    "CAMPFIRE_TALISMAN_24",
    "CAMPFIRE_TALISMAN_25",
    "CAMPFIRE_TALISMAN_26",
    "CAMPFIRE_TALISMAN_27",
    "CAMPFIRE_TALISMAN_28",
    "CAMPFIRE_TALISMAN_29"
  ],
  "PERSONAL_DELETOR_7000": [
    "PERSONAL_DELETOR_6000",
    "PERSONAL_DELETOR_5000",
    "PERSONAL_DELETOR_4000"
  ],
  "GRANDMA_WOLF;4": [
    "GRANDMA_WOLF;3",
    "GRANDMA_WOLF;2",
    "GRANDMA_WOLF;1",
    "GRANDMA_WOLF;0"
  ],
  "VENOMS_TOUCH":[
    "STARRED_VENOMS_TOUCH"
  ],
  "SPIDER_QUEEN_STINGER":[
    "STARRED_SPIDER_QUEEN_STINGER"
  ],
  "SHADOW_ASSASSIN_ADMIRAL":[
    "SHADOW_ASSASSIN_MAUVE",
    "SHADOW_ASSASSIN_CRIMSON"
  ],
  "PURPLE_EGG":[
    "GREEN_EGG",
    "BLUE_EGG"
  ],
  "PET_SKIN_RABBIT_AQUAMARINE":[
    "PET_SKIN_RABBIT_ROSE"
  ],
  "ARMOR_OF_THE_RESISTANCE_BOOTS":[
    "GENERALS_ARMOR_OF_THE_RESISTANCE_BOOTS"
  ],
  "ARMOR_OF_THE_RESISTANCE_LEGGINGS":[
    "GENERALS_ARMOR_OF_THE_RESISTANCE_LEGGINGS"
  ],
  "ARMOR_OF_THE_RESISTANCE_CHESTPLATE":[
    "GENERALS_ARMOR_OF_THE_RESISTANCE_CHESTPLATE"
  ],
  "ARMOR_OF_THE_RESISTANCE_HELMET":[
    "GENERALS_ARMOR_OF_THE_RESISTANCE_HELMET"
  ],
  "HOPE_OF_THE_RESISTANCE":[
    "GENERALS_HOPE_OF_THE_RESISTANCE"
  ],
  "SUPERIOR_ENDER_DRAGON_BOSS":[
    "STRONG_ENDER_DRAGON_BOSS",
    "WISE_ENDER_DRAGON_BOSS",
    "YOUNG_ENDER_DRAGON_BOSS",
    "UNSTABLE_ENDER_DRAGON_BOSS",
    "OLD_ENDER_DRAGON_BOSS",
    "PROTECTOR_ENDER_DRAGON_BOSS"
  ],
  "PET_SKIN_BLACK_CAT_ONYX":[
    "PET_SKIN_BLACK_CAT_IVORY"
  ],
  "FIRST_MASTER_STAR":[
    "SECOND_MASTER_STAR",
    "THIRD_MASTER_STAR",
    "FOURTH_MASTER_STAR"
  ],
  "MASTER_SKULL_TIER_7":[
    "MASTER_SKULL_TIER_6",
    "MASTER_SKULL_TIER_5",
    "MASTER_SKULL_TIER_4",
    "MASTER_SKULL_TIER_3",
    "MASTER_SKULL_TIER_2",
    "MASTER_SKULL_TIER_1"
  ],
  "YELLOW_ROCK":[
    "POORLY_WRAPPED_ROCK",
    "ROSE_BOUQUET",
    "FAKE_EMERALD_ALTAR",
    "WARTS_STEW",
    "MOON_CHUNK",
    "WRAPPED_GIFT_FOR_JULIETTE",
    "SOLVED_PRISM",
    "POEM_OF_INFINITE_LOVE",
    "FLOWER_MAELSTROM",
    "VERY_OFFICIAL_YELLOW_ROCK"
  ],
  "FROZEN_ADVENTURER_MINIBOSS":[
    "SUPERIOR_LOST_ADVENTURER_MINIBOSS",
    "HOLY_LOST_ADVENTURER_MINIBOSS",
    "UNSTABLE_LOST_ADVENTURER_MINIBOSS",
    "YOUNG_LOST_ADVENTURER_MINIBOSS"
  ],
  "SPIKED_ATROCITY":[
    "BAIT_RING"
  ],
  "MANA_STEAL;1":[
    "MANA_STEAL;2",
    "MANA_STEAL;3"
  ],
  "VOIDLING_GENERATOR_1":[
    "VOIDLING_GENERATOR_2",
    "VOIDLING_GENERATOR_3",
    "VOIDLING_GENERATOR_4",
    "VOIDLING_GENERATOR_5",
    "VOIDLING_GENERATOR_6",
    "VOIDLING_GENERATOR_7",
    "VOIDLING_GENERATOR_8",
    "VOIDLING_GENERATOR_9",
    "VOIDLING_GENERATOR_10",
    "VOIDLING_GENERATOR_11"
  ],
  "SMARTY_PANTS;1":[
    "SMARTY_PANTS;2",
    "SMARTY_PANTS;3",
    "SMARTY_PANTS;4",
    "SMARTY_PANTS;5"
  ],
  "SOULFLOW_SUPERCELL":[
    "SOULFLOW_BATTERY",
    "SOULFLOW_PILE"
  ],
  "WATER_BUCKET":[
    "WATER",
    "STATIONARY_WATER"
  ],
  "LAVA_BUCKET":[
    "LAVA",
    "STATIONARY_LAVA"
  ],
  "VOIDWALKER_KATANA":[
    "VOIDEDGE_KATANA",
    "VORPAL_KATANA",
    "ATOMSPLIT_KATANA"
  ],
  "UNDEAD_SWORD":[
    "REVENANT_SWORD",
    "REAPER_SWORD"
  ],
  "SHAMAN_SWORD":[
    "POOCH_SWORD"
  ],
  "ENDER_RELIC":[
    "ENDER_ARTIFACT"
  ],
  "SCORPIUS_SPECIAL_MAYOR_MONSTER":[
    "DERPY_SPECIAL_MAYOR_MONSTER",
    "JERRY_SPECIAL_MAYOR_MONSTER",
    "DANTE_SPECIAL_MAYOR_MONSTER"
  ],
  "AATROX_MAYOR_MONSTER":[
    "COLE_MAYOR_MONSTER",
    "DIANA_MAYOR_MONSTER",
    "DIAZ_MAYOR_MONSTER",
    "MARINA_MAYOR_MONSTER",
    "PAUL_MAYOR_MONSTER"
  ],
  "VOIDGLOOM_SERAPH_1_BOSS":[
    "VOIDGLOOM_SERAPH_2_BOSS",
    "VOIDGLOOM_SERAPH_3_BOSS",
    "VOIDGLOOM_SERAPH_4_BOSS"
  ],
  "SVEN_PACKMASTER_1_BOSS":[
    "SVEN_PACKMASTER_2_BOSS",
    "SVEN_PACKMASTER_3_BOSS",
    "SVEN_PACKMASTER_4_BOSS"
  ],
  "TARANTULA_BRODDFATHER_1_BOSS":[
    "TARANTULA_BRODDFATHER_2_BOSS",
    "TARANTULA_BRODDFATHER_3_BOSS",
    "TARANTULA_BRODDFATHER_4_BOSS"
  ],
  "PET_SKIN_JERRY_GREEN_ELF":[
    "PET_SKIN_JERRY_RED_ELF"
  ]
}
