{
  "BABY_YETI": {
    "EPIC": {
      "1": {
        "otherNums": [
          0.5,
          1.0
        ],
        "statNums": {
          "INTELLIGENCE": 0.0,
          "STRENGTH": 0.0
        }
      },
      "100": {
        "otherNums": [
          50,
          100
        ],
        "statNums": {
          "INTELLIGENCE": 75.0,
          "STRENGTH": 40.0
        }
      },
      "interp": "1:100"
    },
    "LEGENDARY": {
      "1": {
        "otherNums": [
          0.5,
          1.0,
          1.0
        ],
        "statNums": {
          "INTELLIGENCE": 0.0,
          "STRENGTH": 0.0
        }
      },
      "100": {
        "otherNums": [
          50,
          100,
          100
        ],
        "statNums": {
          "INTELLIGENCE": 75.0,
          "STRENGTH": 40.0
        }
      },
      "interp": "1:100"
    }
  },
  "BAT": {
    "COMMON": {
      "1": {
        "otherNums": [
          0.1
        ],
        "statNums": {
          "INTELLIGENCE": 1.0,
          "SPEED": 0.0
        }
      },
      "100": {
        "otherNums": [
          10
        ],
        "statNums": {
          "INTELLIGENCE": 100.0,
          "SPEED": 5.0
        }
      },
      "interp": "1:23"
    },
    "EPIC": {
      "1": {
        "otherNums": [
          0.3,
          0.5,
          0.2
        ],
        "statNums": {
          "INTELLIGENCE": 1.0,
          "SPEED": 0.0
        }
      },
      "100": {
        "otherNums": [
          30,
          50,
          20
        ],
        "statNums": {
          "INTELLIGENCE": 100.0,
          "SPEED": 5.0
        }
      },
      "interp": "1:100"
    },
    "LEGENDARY": {
      "1": {
        "otherNums": [
          0.2,
          0.3,
          0.5,
          0.5
        ],
        "statNums": {
          "INTELLIGENCE": 1.0,
          "SPEED": 0.05
        }
      },
      "100": {
        "otherNums": [
          20,
          30,
          50,
          50
        ],
        "statNums": {
          "INTELLIGENCE": 100.0,
          "SPEED": 5.0
        }
      },
      "interp": "1:100"
    },
    "RARE": {
      "1": {
        "otherNums": [
          0.2,
          0.4,
          0.1
        ],
        "statNums": {
          "INTELLIGENCE": 1.0,
          "SPEED": 0.0
        }
      },
      "100": {
        "otherNums": [
          20,
          40,
          15
        ],
        "statNums": {
          "INTELLIGENCE": 100.0,
          "SPEED": 5.0
        }
      },
      "interp": "1:51"
    },
    "UNCOMMON": {
      "1": {
        "otherNums": [
          0.1
        ],
        "statNums": {
          "INTELLIGENCE": 1.0,
          "SPEED": 0.0
        }
      },
      "100": {
        "otherNums": [
          10
        ],
        "statNums": {
          "INTELLIGENCE": 100.0,
          "SPEED": 5.0
        }
      },
      "interp": "1:23"
    }
  },
  "BEE": {
    "COMMON": {
      "1": {
        "otherNums": [
          1.0,
          1.0,
          15.0
        ],
        "statNums": {
          "INTELLIGENCE": 0.0,
          "SPEED": 0.0,
          "STRENGTH": 5.0
        }
      },
      "100": {
        "otherNums": [
          3,
          3,
          15
        ],
        "statNums": {
          "INTELLIGENCE": 50.0,
          "SPEED": 10.0,
          "STRENGTH": 30.0
        }
      },
      "interp": "1:74"
    },
    "EPIC": {
      "1": {
        "otherNums": [
          1.1,
          1.1,
          15.0,
          1.0
        ],
        "statNums": {
          "STRENGTH": 5.0,
          "INTELLIGENCE": 0.5,
          "SPEED": 0.1
        }
      },
      "100": {
        "otherNums": [
          15,
          12,
          15,
          100
        ],
        "statNums": {
          "STRENGTH": 30.0,
          "INTELLIGENCE": 50.0,
          "SPEED": 10.0
        }
      },
      "interp": "1:27"
    },
    "LEGENDARY": {
      "1": {
        "otherNums": [
          1.2,
          1.1,
          15.0,
          1.0,
          5.2
        ],
        "statNums": {
          "INTELLIGENCE": 0.0,
          "SPEED": 0.0,
          "STRENGTH": 5.0
        }
      },
      "100": {
        "otherNums": [
          20,
          15,
          15,
          100,
          25
        ],
        "statNums": {
          "INTELLIGENCE": 50.0,
          "SPEED": 10.0,
          "STRENGTH": 30.0
        }
      },
      "interp": "1:100"
    },
    "RARE": {
      "1": {
        "otherNums": [
          1.1,
          1.1,
          15.0,
          0.5
        ],
        "statNums": {
          "INTELLIGENCE": 0.0,
          "SPEED": 0.0,
          "STRENGTH": 5.0
        }
      },
      "100": {
        "otherNums": [
          10,
          8,
          15,
          50
        ],
        "statNums": {
          "INTELLIGENCE": 50.0,
          "SPEED": 10.0,
          "STRENGTH": 30.0
        }
      },
      "interp": "1:65"
    },
    "UNCOMMON": {
      "1": {
        "otherNums": [
          1.0,
          1.0,
          15.0
        ],
        "statNums": {
          "INTELLIGENCE": 0.0,
          "SPEED": 0.0,
          "STRENGTH": 5.0
        }
      },
      "100": {
        "otherNums": [
          5,
          5,
          15
        ],
        "statNums": {
          "INTELLIGENCE": 50.0,
          "SPEED": 10.0,
          "STRENGTH": 30.0
        }
      },
      "interp": "1:59"
    }
  },
  "BLACK_CAT": {
    "LEGENDARY": {
      "1": {
        "otherNums": [
          1.0,
          0.1,
          0.1
        ],
        "statNums": {
          "INTELLIGENCE": 1.0,
          "SPEED": 0.0
        }
      },
      "100": {
        "otherNums": [
          100,
          15,
          15
        ],
        "statNums": {
          "INTELLIGENCE": 100.0,
          "SPEED": 25.0
        }
      },
      "interp": "1:100"
    }
  },
  "BLAZE": {
    "EPIC": {
      "1": {
        "otherNums": [
          0.2,
          0.4
        ],
        "statNums": {
          "DEFENSE": 10.0,
          "INTELLIGENCE": 1.0
        }
      },
      "100": {
        "otherNums": [
          20,
          40
        ],
        "statNums": {
          "DEFENSE": 30.0,
          "INTELLIGENCE": 100.0
        }
      },
      "interp": "1:92"
    },
    "LEGENDARY": {
      "1": {
        "otherNums": [
          0.20000000000000284,
          0.4000000000000057
        ],
        "statNums": {
          "CRIT_DAMAGE": 0.0,
          "DEFENSE": 10.0,
          "INTELLIGENCE": 1.0
        }
      },
      "100": {
        "otherNums": [
          20,
          40
        ],
        "statNums": {
          "CRIT_DAMAGE": 0.0,
          "DEFENSE": 30.0,
          "INTELLIGENCE": 100.0
        }
      },
      "interp": "72:96"
    }
  },
  "BLUE_WHALE": {
    "COMMON": {
      "1": {
        "otherNums": [
          0.5
        ],
        "statNums": {
          "HEALTH": 2.0
        }
      },
      "100": {
        "otherNums": [
          50
        ],
        "statNums": {
          "HEALTH": 200.0
        }
      },
      "interp": "1:64"
    },
    "EPIC": {
      "1": {
        "otherNums": [
          2.0,
          0.0,
          25.0
        ],
        "statNums": {
          "HEALTH": 2.0
        }
      },
      "100": {
        "otherNums": [
          200,
          3,
          25
        ],
        "statNums": {
          "HEALTH": 200.0
        }
      },
      "interp": "1:79"
    },
    "LEGENDARY": {
      "1": {
        "otherNums": [
          2.5,
          0.03000000000000025,
          20.0,
          0.1999999999999993
        ],
        "statNums": {
          "DEFENSE": 25.0,
          "HEALTH": 2.0
        }
      },
      "100": {
        "otherNums": [
          250,
          3,
          20,
          20
        ],
        "statNums": {
          "DEFENSE": 25.0,
          "HEALTH": 200.0
        }
      },
      "interp": "70:100"
    },
    "RARE": {
      "1": {
        "otherNums": [
          1.5,
          0.0,
          30.0
        ],
        "statNums": {
          "HEALTH": 2.0
        }
      },
      "100": {
        "otherNums": [
          150,
          3,
          30
        ],
        "statNums": {
          "HEALTH": 200.0
        }
      },
      "interp": "1:70"
    },
    "UNCOMMON": {
      "1": {
        "otherNums": [
          1.0
        ],
        "statNums": {
          "HEALTH": 2.0
        }
      },
      "100": {
        "otherNums": [
          100
        ],
        "statNums": {
          "HEALTH": 200.0
        }
      },
      "interp": "1:75"
    }
  },
  "CHICKEN": {
    "COMMON": {
      "1": {
        "otherNums": [
          0.3
        ],
        "statNums": {
          "HEALTH": 2.0
        }
      },
      "100": {
        "otherNums": [
          30
        ],
        "statNums": {
          "HEALTH": 200.0
        }
      },
      "interp": "1:100"
    },
    "EPIC": {
      "1": {
        "otherNums": [
          0.5,
          1.0
        ],
        "statNums": {
          "HEALTH": 2.0
        }
      },
      "100": {
        "otherNums": [
          50,
          100
        ],
        "statNums": {
          "HEALTH": 200.0
        }
      },
      "interp": "1:67"
    },
    "LEGENDARY": {
      "1": {
        "otherNums": [
          0.5,
          1.0,
          0.3
        ],
        "statNums": {
          "HEALTH": 2.0
        }
      },
      "100": {
        "otherNums": [
          50,
          100,
          30
        ],
        "statNums": {
          "HEALTH": 200.0
        }
      },
      "interp": "1:100"
    },
    "RARE": {
      "1": {
        "otherNums": [
          0.4,
          0.8
        ],
        "statNums": {
          "HEALTH": 2.0
        }
      },
      "100": {
        "otherNums": [
          40,
          75
        ],
        "statNums": {
          "HEALTH": 200.0
        }
      },
      "interp": "1:42"
    },
    "UNCOMMON": {
      "1": {
        "otherNums": [
          0.4
        ],
        "statNums": {
          "HEALTH": 2.0
        }
      },
      "100": {
        "otherNums": [
          40
        ],
        "statNums": {
          "HEALTH": 200.0
        }
      },
      "interp": "1:63"
    }
  },
  "DOLPHIN": {
    "COMMON": {
      "1": {
        "otherNums": [
          0.0,
          10.0,
          15.0
        ],
        "statNums": {
          "INTELLIGENCE": 1.0,
          "SEA_CREATURE_CHANCE": 0.0
        }
      },
      "100": {
        "otherNums": [
          3,
          10,
          15
        ],
        "statNums": {
          "INTELLIGENCE": 100.0,
          "SEA_CREATURE_CHANCE": 5.0
        }
      },
      "interp": "1:84"
    },
    "EPIC": {
      "1": {
        "otherNums": [
          0.1,
          10.0,
          25.0,
          0.1
        ],
        "statNums": {
          "INTELLIGENCE": 1.0,
          "SEA_CREATURE_CHANCE": 0.0
        }
      },
      "100": {
        "otherNums": [
          5,
          10,
          25,
          10
        ],
        "statNums": {
          "INTELLIGENCE": 100.0,
          "SEA_CREATURE_CHANCE": 5.0
        }
      },
      "interp": "1:100"
    },
    "LEGENDARY": {
      "1": {
        "otherNums": [
          0.1,
          10.0,
          25.0,
          0.1,
          5.0
        ],
        "statNums": {
          "INTELLIGENCE": 1.0,
          "SEA_CREATURE_CHANCE": 0.0
        }
      },
      "100": {
        "otherNums": [
          5,
          10,
          25,
          10,
          5
        ],
        "statNums": {
          "INTELLIGENCE": 100.0,
          "SEA_CREATURE_CHANCE": 5.0
        }
      },
      "interp": "1:100"
    },
    "RARE": {
      "1": {
        "otherNums": [
          0.0,
          10.0,
          20.0,
          0.1
        ],
        "statNums": {
          "INTELLIGENCE": 1.0,
          "SEA_CREATURE_CHANCE": 0.0
        }
      },
      "100": {
        "otherNums": [
          4,
          10,
          20,
          7
        ],
        "statNums": {
          "INTELLIGENCE": 100.0,
          "SEA_CREATURE_CHANCE": 5.0
        }
      },
      "interp": "1:100"
    },
    "UNCOMMON": {
      "1": {
        "otherNums": [
          0.0,
          10.0,
          20.0
        ],
        "statNums": {
          "INTELLIGENCE": 1.0,
          "SEA_CREATURE_CHANCE": 0.0
        }
      },
      "100": {
        "otherNums": [
          4,
          10,
          20
        ],
        "statNums": {
          "INTELLIGENCE": 100.0,
          "SEA_CREATURE_CHANCE": 5.0
        }
      },
      "interp": "1:80"
    }
  },
  "ELEPHANT": {
    "COMMON": {
      "1": {
        "otherNums": [
          0.1,
          100.0
        ],
        "statNums": {
          "HEALTH": 1.0,
          "INTELLIGENCE": 0.0
        }
      },
      "100": {
        "otherNums": [
          10,
          100
        ],
        "statNums": {
          "HEALTH": 100.0,
          "INTELLIGENCE": 75.0
        }
      },
      "interp": "1:51"
    },
    "EPIC": {
      "1": {
        "otherNums": [
          0.2,
          100.0,
          0.0,
          10.0
        ],
        "statNums": {
          "HEALTH": 1.0,
          "INTELLIGENCE": 0.0
        }
      },
      "100": {
        "otherNums": [
          20,
          100,
          1,
          10
        ],
        "statNums": {
          "HEALTH": 100.0,
          "INTELLIGENCE": 75.0
        }
      },
      "interp": "1:96"
    },
    "LEGENDARY": {
      "1": {
        "otherNums": [
          0.2,
          100.0,
          0.0,
          1.8
        ],
        "statNums": {
          "HEALTH": 1.0,
          "INTELLIGENCE": 0.0
        }
      },
      "100": {
        "otherNums": [
          20,
          100,
          1,
          180
        ],
        "statNums": {
          "HEALTH": 100.0,
          "INTELLIGENCE": 75.0
        }
      },
      "interp": "1:100"
    },
    "RARE": {
      "1": {
        "otherNums": [
          0.1,
          100.0,
          0.0,
          10.0
        ],
        "statNums": {
          "HEALTH": 1.0,
          "INTELLIGENCE": 0.0
        }
      },
      "100": {
        "otherNums": [
          15,
          100,
          1,
          10
        ],
        "statNums": {
          "HEALTH": 100.0,
          "INTELLIGENCE": 75.0
        }
      },
      "interp": "1:82"
    },
    "UNCOMMON": {
      "1": {
        "otherNums": [
          0.1,
          100.0
        ],
        "statNums": {
          "HEALTH": 1.0,
          "INTELLIGENCE": 0.0
        }
      },
      "100": {
        "otherNums": [
          15,
          100
        ],
        "statNums": {
          "HEALTH": 100.0,
          "INTELLIGENCE": 75.0
        }
      },
      "interp": "1:69"
    }
  },
  "ENDERMAN": {
    "COMMON": {
      "1": {
        "otherNums": [
          0.1
        ],
        "statNums": {
          "CRIT_DAMAGE": 0.0
        }
      },
      "100": {
        "otherNums": [
          10
        ],
        "statNums": {
          "CRIT_DAMAGE": 75.0
        }
      },
      "interp": "1:100"
    },
    "EPIC": {
      "1": {
        "otherNums": [
          0.3,
          0.5,
          5.0
        ],
        "statNums": {
          "CRIT_DAMAGE": 0.0
        }
      },
      "100": {
        "otherNums": [
          30,
          50,
          5
        ],
        "statNums": {
          "CRIT_DAMAGE": 75.0
        }
      },
      "interp": "1:90"
    },
    "LEGENDARY": {
      "1": {
        "otherNums": [
          0.3,
          0.5,
          5.0,
          0.2
        ],
        "statNums": {
          "CRIT_DAMAGE": 0.0
        }
      },
      "100": {
        "otherNums": [
          30,
          50,
          5,
          25
        ],
        "statNums": {
          "CRIT_DAMAGE": 75.0
        }
      },
      "interp": "1:100"
    },
    "MYTHIC": {
      "1": {
        "otherNums": [
          0.3,
          0.5,
          0.2,
          0.4
        ],
        "statNums": {
          "CRIT_DAMAGE": 0.0
        }
      },
      "100": {
        "otherNums": [
          30,
          50,
          25,
          40
        ],
        "statNums": {
          "CRIT_DAMAGE": 75.0
        }
      },
      "interp": "1:100"
    },
    "RARE": {
      "1": {
        "otherNums": [
          0.2,
          0.4,
          5.0
        ],
        "statNums": {
          "CRIT_DAMAGE": 0.0
        }
      },
      "100": {
        "otherNums": [
          20,
          40,
          5
        ],
        "statNums": {
          "CRIT_DAMAGE": 75.0
        }
      },
      "interp": "1:98"
    },
    "UNCOMMON": {
      "1": {
        "otherNums": [
          0.2
        ],
        "statNums": {
          "CRIT_DAMAGE": 0.0
        }
      },
      "100": {
        "otherNums": [
          20
        ],
        "statNums": {
          "CRIT_DAMAGE": 75.0
        }
      },
      "interp": "1:89"
    }
  },
  "ENDERMITE": {
    "EPIC": {
      "1": {
        "otherNums": [
          0.5,
          5.0
        ],
        "statNums": {
          "INTELLIGENCE": 1.0
        }
      },
      "100": {
        "otherNums": [
          50,
          10
        ],
        "statNums": {
          "INTELLIGENCE": 100.0
        }
      },
      "interp": "1:100"
    },
    "LEGENDARY": {
      "1": {
        "otherNums": [
          0.5,
          5.0,
          10.4,
          10.0
        ],
        "statNums": {
          "INTELLIGENCE": 1.0
        }
      },
      "100": {
        "otherNums": [
          50,
          10,
          50,
          10
        ],
        "statNums": {
          "INTELLIGENCE": 100.0
        }
      },
      "interp": "1:100"
    },
    "UNCOMMON": {
      "1": {
        "otherNums": [
          0.3999999999999999
        ],
        "statNums": {
          "INTELLIGENCE": 1.0
        }
      },
      "100": {
        "otherNums": [
          40
        ],
        "statNums": {
          "INTELLIGENCE": 100.0
        }
      },
      "interp": "5:57"
    },
    "COMMON": {
      "1": {
        "otherNums": [
          0.3999999999999999
        ],
        "statNums": {
          "INTELLIGENCE": 1.0
        }
      },
      "100": {
        "otherNums": [
          40
        ],
        "statNums": {
          "INTELLIGENCE": 100.0
        }
      },
      "interp": "5:57"
    },
    "RARE": {
      "1": {
        "otherNums": [
          0.5,
          5
        ],
        "statNums": {
          "INTELLIGENCE": 1.0
        }
      },
      "100": {
        "otherNums": [
          50,
          10
        ],
        "statNums": {
          "INTELLIGENCE": 100.0
        }
      },
      "interp": "5:57"
    }
  },
  "ENDER_DRAGON": {
    "EPIC": {
      "1": {
        "otherNums": [
          0.2,
          0.5,
          0.3
        ],
        "statNums": {
          "CRIT_CHANCE": 0.0,
          "CRIT_DAMAGE": 0.0,
          "STRENGTH": 0.0
        }
      },
      "100": {
        "otherNums": [
          25,
          50,
          30
        ],
        "statNums": {
          "CRIT_CHANCE": 10.0,
          "CRIT_DAMAGE": 50.0,
          "STRENGTH": 50.0
        }
      },
      "interp": "1:100"
    },
    "LEGENDARY": {
      "1": {
        "otherNums": [
          0.2,
          0.5,
          0.3,
          0.1
        ],
        "statNums": {
          "CRIT_CHANCE": 0.0,
          "CRIT_DAMAGE": 0.0,
          "STRENGTH": 0.0
        }
      },
      "100": {
        "otherNums": [
          25,
          50,
          30,
          10
        ],
        "statNums": {
          "CRIT_CHANCE": 10.0,
          "CRIT_DAMAGE": 50.0,
          "STRENGTH": 50.0
        }
      },
      "interp": "1:100"
    }
  },
  "FLYING_FISH": {
    "EPIC": {
      "1": {
        "otherNums": [
          0.1,
          0.5
        ],
        "statNums": {
          "DEFENSE": 0.0,
          "STRENGTH": 0.0
        }
      },
      "100": {
        "otherNums": [
          15,
          50
        ],
        "statNums": {
          "DEFENSE": 50.0,
          "STRENGTH": 50.0
        }
      },
      "interp": "1:72"
    },
    "LEGENDARY": {
      "1": {
        "otherNums": [
          0.4,
          0.5,
          0.3
        ],
        "statNums": {
          "DEFENSE": 0.0,
          "STRENGTH": 0.0
        }
      },
      "100": {
        "otherNums": [
          40,
          50,
          30
        ],
        "statNums": {
          "DEFENSE": 50.0,
          "STRENGTH": 50.0
        }
      },
      "interp": "1:100"
    },
    "RARE": {
      "1": {
        "otherNums": [
          0.3,
          0.4
        ],
        "statNums": {
          "DEFENSE": 0.0,
          "STRENGTH": 0.0
        }
      },
      "100": {
        "otherNums": [
          30,
          40
        ],
        "statNums": {
          "DEFENSE": 50.0,
          "STRENGTH": 50.0
        }
      },
      "interp": "1:82"
    }
  },
  "GHOUL": {
    "EPIC": {
      "1": {
        "otherNums": [
          0.2,
          0.5
        ],
        "statNums": {
          "FEROCITY": 0.0,
          "HEALTH": 1.0,
          "INTELLIGENCE": 0.0
        }
      },
      "100": {
        "otherNums": [
          25,
          50
        ],
        "statNums": {
          "FEROCITY": 5.0,
          "HEALTH": 100.0,
          "INTELLIGENCE": 75.0
        }
      },
      "interp": "1:73"
    },
    "LEGENDARY": {
      "1": {
        "otherNums": [
          0.2,
          0.5,
          1.0
        ],
        "statNums": {
          "FEROCITY": 0.0,
          "HEALTH": 1.0,
          "INTELLIGENCE": 0.0
        }
      },
      "100": {
        "otherNums": [
          25,
          50,
          100
        ],
        "statNums": {
          "FEROCITY": 5.0,
          "HEALTH": 100.0,
          "INTELLIGENCE": 75.0
        }
      },
      "interp": "1:81"
    }
  },
  "GIRAFFE": {
    "COMMON": {
      "1": {
        "otherNums": [
          0.1
        ],
        "statNums": {
          "CRIT_CHANCE": 0.0,
          "HEALTH": 1.0
        }
      },
      "100": {
        "otherNums": [
          5
        ],
        "statNums": {
          "CRIT_CHANCE": 5.0,
          "HEALTH": 100.0
        }
      },
      "interp": "1:67"
    },
    "EPIC": {
      "1": {
        "otherNums": [
          0.2,
          0.5,
          20.2
        ],
        "statNums": {
          "CRIT_CHANCE": 0.0,
          "HEALTH": 1.0
        }
      },
      "100": {
        "otherNums": [
          20,
          50,
          45
        ],
        "statNums": {
          "CRIT_CHANCE": 5.0,
          "HEALTH": 100.0
        }
      },
      "interp": "1:88"
    },
    "LEGENDARY": {
      "1": {
        "otherNums": [
          0.2,
          0.5,
          20.4,
          0.2
        ],
        "statNums": {
          "CRIT_CHANCE": 0.0,
          "HEALTH": 1.0
        }
      },
      "100": {
        "otherNums": [
          25,
          50,
          60,
          25
        ],
        "statNums": {
          "CRIT_CHANCE": 5.0,
          "HEALTH": 100.0
        }
      },
      "interp": "1:100"
    },
    "RARE": {
      "1": {
        "otherNums": [
          0.1,
          0.4,
          20.1
        ],
        "statNums": {
          "CRIT_CHANCE": 0.0,
          "HEALTH": 1.0
        }
      },
      "100": {
        "otherNums": [
          15,
          40,
          30
        ],
        "statNums": {
          "CRIT_CHANCE": 5.0,
          "HEALTH": 100.0
        }
      },
      "interp": "1:60"
    },
    "UNCOMMON": {
      "1": {
        "otherNums": [
          0.1
        ],
        "statNums": {
          "CRIT_CHANCE": 0.0,
          "HEALTH": 1.0
        }
      },
      "100": {
        "otherNums": [
          10
        ],
        "statNums": {
          "CRIT_CHANCE": 5.0,
          "HEALTH": 100.0
        }
      },
      "interp": "1:68"
    }
  },
  "GOLEM": {
    "EPIC": {
      "1": {
        "otherNums": [
          15.0,
          0.3,
          0.2
        ],
        "statNums": {
          "HEALTH": 1.0,
          "STRENGTH": 0.0
        }
      },
      "100": {
        "otherNums": [
          15,
          30,
          25
        ],
        "statNums": {
          "HEALTH": 150.0,
          "STRENGTH": 50.0
        }
      },
      "interp": "1:83"
    },
    "LEGENDARY": {
      "1": {
        "otherNums": [
          15.0,
          0.3,
          0.2,
          5.0,
          203.0,
          10.0
        ],
        "statNums": {
          "HEALTH": 1.0,
          "STRENGTH": 0.0
        }
      },
      "100": {
        "otherNums": [
          15,
          30,
          25,
          5,
          500,
          10
        ],
        "statNums": {
          "HEALTH": 150.0,
          "STRENGTH": 50.0
        }
      },
      "interp": "1:100"
    }
  },
  "GUARDIAN": {
    "COMMON": {
      "1": {
        "otherNums": [
          0.2,
          3.0
        ],
        "statNums": {
          "DEFENSE": 0.0,
          "INTELLIGENCE": 1.0
        }
      },
      "100": {
        "otherNums": [
          2,
          3
        ],
        "statNums": {
          "DEFENSE": 50.0,
          "INTELLIGENCE": 100.0
        }
      },
      "interp": "1:80"
    },
    "EPIC": {
      "1": {
        "otherNums": [
          0.2,
          3.0,
          0.3
        ],
        "statNums": {
          "DEFENSE": 0.0,
          "INTELLIGENCE": 1.0
        }
      },
      "100": {
        "otherNums": [
          15,
          3,
          30
        ],
        "statNums": {
          "DEFENSE": 50.0,
          "INTELLIGENCE": 100.0
        }
      },
      "interp": "1:100"
    },
    "LEGENDARY": {
      "1": {
        "otherNums": [
          0.2,
          3.0,
          0.3,
          0.3
        ],
        "statNums": {
          "DEFENSE": 0.0,
          "INTELLIGENCE": 1.0
        }
      },
      "100": {
        "otherNums": [
          20,
          3,
          30,
          30
        ],
        "statNums": {
          "DEFENSE": 50.0,
          "INTELLIGENCE": 100.0
        }
      },
      "interp": "1:100"
    },
    "RARE": {
      "1": {
        "otherNums": [
          0.2,
          3.0,
          0.2
        ],
        "statNums": {
          "DEFENSE": 0.0,
          "INTELLIGENCE": 1.0
        }
      },
      "100": {
        "otherNums": [
          10,
          3,
          25
        ],
        "statNums": {
          "DEFENSE": 50.0,
          "INTELLIGENCE": 100.0
        }
      },
      "interp": "1:69"
    },
    "UNCOMMON": {
      "1": {
        "otherNums": [
          0.2,
          3.0
        ],
        "statNums": {
          "DEFENSE": 0.0,
          "INTELLIGENCE": 1.0
        }
      },
      "100": {
        "otherNums": [
          6,
          3
        ],
        "statNums": {
          "DEFENSE": 50.0,
          "INTELLIGENCE": 100.0
        }
      },
      "interp": "1:53"
    }
  },
  "HORSE": {
    "COMMON": {
      "1": {
        "otherNums": [],
        "statNums": {
          "INTELLIGENCE": 0.0,
          "SPEED": 0.0
        }
      },
      "100": {
        "otherNums": [],
        "statNums": {
          "INTELLIGENCE": 50.0,
          "SPEED": 25.0
        }
      },
      "interp": "1:58"
    },
    "EPIC": {
      "1": {
        "otherNums": [
          1.2
        ],
        "statNums": {
          "INTELLIGENCE": 0.0,
          "SPEED": 0.0
        }
      },
      "100": {
        "otherNums": [
          120
        ],
        "statNums": {
          "INTELLIGENCE": 50.0,
          "SPEED": 25.0
        }
      },
      "interp": "1:42"
    },
    "LEGENDARY": {
      "1": {
        "otherNums": [
          1.2,
          0.2
        ],
        "statNums": {
          "INTELLIGENCE": 0.0,
          "SPEED": 0.0
        }
      },
      "100": {
        "otherNums": [
          120,
          25
        ],
        "statNums": {
          "INTELLIGENCE": 50.0,
          "SPEED": 25.0
        }
      },
      "interp": "1:100"
    },
    "RARE": {
      "1": {
        "otherNums": [
          1.1
        ],
        "statNums": {
          "INTELLIGENCE": 0.0,
          "SPEED": 0.0
        }
      },
      "100": {
        "otherNums": [
          110
        ],
        "statNums": {
          "INTELLIGENCE": 50.0,
          "SPEED": 25.0
        }
      },
      "interp": "1:47"
    },
    "UNCOMMON": {
      "1": {
        "otherNums": [],
        "statNums": {
          "INTELLIGENCE": 0.0,
          "SPEED": 0.0
        }
      },
      "100": {
        "otherNums": [],
        "statNums": {
          "INTELLIGENCE": 50.0,
          "SPEED": 25.0
        }
      },
      "interp": "1:41"
    }
  },
  "HOUND": {
    "EPIC": {
      "1": {
        "otherNums": [
          0.1,
          0.1
        ],
        "statNums": {
          "BONUS_ATTACK_SPEED": 0.0,
          "FEROCITY": 0.0,
          "STRENGTH": 0.0
        }
      },
      "100": {
        "otherNums": [
          5,
          10
        ],
        "statNums": {
          "BONUS_ATTACK_SPEED": 15.0,
          "FEROCITY": 5.0,
          "STRENGTH": 40.0
        }
      },
      "interp": "1:83"
    },
    "LEGENDARY": {
      "1": {
        "otherNums": [
          0.1,
          0.1,
          0.1
        ],
        "statNums": {
          "BONUS_ATTACK_SPEED": 0.0,
          "FEROCITY": 0.0,
          "STRENGTH": 0.0
        }
      },
      "100": {
        "otherNums": [
          5,
          10,
          10
        ],
        "statNums": {
          "BONUS_ATTACK_SPEED": 15.0,
          "FEROCITY": 5.0,
          "STRENGTH": 40.0
        }
      },
      "interp": "1:100"
    }
  },
  "JELLYFISH": {
    "EPIC": {
      "1": {
        "otherNums": [
          1.0,
          8.0,
          10.0,
          1000.0,
          10.0,
          10.0
        ],
        "statNums": {
          "HEALTH": 2.0
        }
      },
      "100": {
        "otherNums": [
          100,
          8,
          10,
          1000,
          10,
          10
        ],
        "statNums": {
          "HEALTH": 200.0
        }
      },
      "interp": "1:100"
    },
    "LEGENDARY": {
      "1": {
        "otherNums": [
          1.0,
          8.0,
          10.0,
          1000.0,
          10.0,
          10.0,
          0.5
        ],
        "statNums": {
          "HEALTH": 2.0
        }
      },
      "100": {
        "otherNums": [
          100,
          8,
          10,
          1000,
          10,
          10,
          50
        ],
        "statNums": {
          "HEALTH": 200.0
        }
      },
      "interp": "1:100"
    }
  },
  "JERRY": {
    "COMMON": {
      "1": {
        "otherNums": [
          50.0,
          100.0
        ],
        "statNums": {
          "INTELLIGENCE": -1.0
        }
      },
      "100": {
        "otherNums": [
          50,
          100
        ],
        "statNums": {
          "INTELLIGENCE": -100.0
        }
      },
      "interp": "1:58"
    },
    "EPIC": {
      "1": {
        "otherNums": [
          50.0,
          100.0
        ],
        "statNums": {
          "INTELLIGENCE": -1.0
        }
      },
      "100": {
        "otherNums": [
          50,
          100
        ],
        "statNums": {
          "INTELLIGENCE": -100.0
        }
      },
      "interp": "1:45"
    },
    "LEGENDARY": {
      "1": {
        "otherNums": [
          50.0,
          100.0,
          0.0
        ],
        "statNums": {
          "INTELLIGENCE": -1.0
        }
      },
      "100": {
        "otherNums": [
          50,
          100,
          9
        ],
        "statNums": {
          "INTELLIGENCE": -100.0
        }
      },
      "interp": "1:69"
    },
    "RARE": {
      "1": {
        "otherNums": [
          50.0,
          100.0
        ],
        "statNums": {
          "INTELLIGENCE": -1.0
        }
      },
      "100": {
        "otherNums": [
          50,
          100
        ],
        "statNums": {
          "INTELLIGENCE": -100.0
        }
      },
      "interp": "1:54"
    },
    "UNCOMMON": {
      "1": {
        "otherNums": [
          50.0,
          100.0
        ],
        "statNums": {
          "INTELLIGENCE": -1.0
        }
      },
      "100": {
        "otherNums": [
          50,
          100
        ],
        "statNums": {
          "INTELLIGENCE": -100.0
        }
      },
      "interp": "1:16"
    }
  },
  "LION": {
    "COMMON": {
      "1": {
        "otherNums": [
          0.0,
          0.0
        ],
        "statNums": {
          "SPEED": 0.0,
          "STRENGTH": 0.0,
          "FEROCITY": 0.0
        }
      },
      "100": {
        "otherNums": [
          3,
          3
        ],
        "statNums": {
          "SPEED": 25.0,
          "STRENGTH": 50.0,
          "FEROCITY": 5.0
        }
      },
      "interp": "1:60"
    },
    "EPIC": {
      "1": {
        "otherNums": [
          0.1,
          0.1,
          1.0
        ],
        "statNums": {
          "SPEED": 0.0,
          "STRENGTH": 0.0,
          "FEROCITY": 0.0
        }
      },
      "100": {
        "otherNums": [
          15,
          15,
          100
        ],
        "statNums": {
          "SPEED": 25.0,
          "STRENGTH": 50.0,
          "FEROCITY": 5.0
        }
      },
      "interp": "1:83"
    },
    "LEGENDARY": {
      "1": {
        "otherNums": [
          0.2,
          0.2,
          1.0,
          0.1
        ],
        "statNums": {
          "SPEED": 0.0,
          "STRENGTH": 0.0,
          "FEROCITY": 0.0
        }
      },
      "100": {
        "otherNums": [
          20,
          20,
          100,
          15
        ],
        "statNums": {
          "SPEED": 25.0,
          "STRENGTH": 50.0,
          "FEROCITY": 5.0
        }
      },
      "interp": "1:86"
    },
    "RARE": {
      "1": {
        "otherNums": [
          0.1,
          0.1,
          0.8
        ],
        "statNums": {
          "SPEED": 0.0,
          "STRENGTH": 0.0,
          "FEROCITY": 0.0
        }
      },
      "100": {
        "otherNums": [
          10,
          10,
          75
        ],
        "statNums": {
          "SPEED": 25.0,
          "STRENGTH": 50.0,
          "FEROCITY": 5.0
        }
      },
      "interp": "1:62"
    },
    "UNCOMMON": {
      "1": {
        "otherNums": [
          0.1,
          0.1
        ],
        "statNums": {
          "SPEED": 0.0,
          "STRENGTH": 0.0,
          "FEROCITY": 0.0
        }
      },
      "100": {
        "otherNums": [
          5,
          5
        ],
        "statNums": {
          "SPEED": 25.0,
          "STRENGTH": 50.0,
          "FEROCITY": 5.0
        }
      },
      "interp": "1:69"
    }
  },
  "MAGMA_CUBE": {
    "EPIC": {
      "1": {
        "otherNums": [
          0.3,
          0.2
        ],
        "statNums": {
          "DEFENSE": 0.0,
          "HEALTH": 0.0,
          "STRENGTH": 0.0
        }
      },
      "100": {
        "otherNums": [
          30,
          25
        ],
        "statNums": {
          "DEFENSE": 35.0,
          "HEALTH": 50.0,
          "STRENGTH": 20.0
        }
      },
      "interp": "1:63"
    },
    "LEGENDARY": {
      "1": {
        "otherNums": [
          0.3,
          0.2,
          0.5
        ],
        "statNums": {
          "DEFENSE": 0.0,
          "HEALTH": 0.0,
          "STRENGTH": 0.0
        }
      },
      "100": {
        "otherNums": [
          30,
          25,
          50
        ],
        "statNums": {
          "DEFENSE": 30.0,
          "HEALTH": 50.0,
          "STRENGTH": 20.0
        }
      },
      "interp": "1:65"
    },
    "RARE": {
      "1": {
        "otherNums": [
          0.2,
          0.2
        ],
        "statNums": {
          "DEFENSE": 0.0,
          "HEALTH": 0.0,
          "STRENGTH": 0.0
        }
      },
      "100": {
        "otherNums": [
          25,
          20
        ],
        "statNums": {
          "DEFENSE": 35.0,
          "HEALTH": 50.0,
          "STRENGTH": 20.0
        }
      },
      "interp": "1:46"
    },
    "UNCOMMON": {
      "1": {
        "otherNums": [
          0.2
        ],
        "statNums": {
          "DEFENSE": 0.0,
          "HEALTH": 0.0,
          "STRENGTH": 0.0
        }
      },
      "100": {
        "otherNums": [
          20.0
        ],
        "statNums": {
          "DEFENSE": 35.0,
          "HEALTH": 50.0,
          "STRENGTH": 20.0
        }
      },
      "interp": "1:63"
    },
    "COMMON": {
      "1": {
        "otherNums": [
          0.2
        ],
        "statNums": {
          "DEFENSE": 0.0,
          "HEALTH": 0.0,
          "STRENGTH": 0.0
        }
      },
      "100": {
        "otherNums": [
          20.0
        ],
        "statNums": {
          "DEFENSE": 35.0,
          "HEALTH": 50.0,
          "STRENGTH": 20.0
        }
      },
      "interp": "1:63"
    }
  },
  "MEGALODON": {
    "EPIC": {
      "1": {
        "otherNums": [
          0.2,
          0.2
        ],
        "statNums": {
          "STRENGTH": 0.0,
          "MAGIC_FIND": 0.0,
          "FEROCITY":0.0
        }
      },
      "100": {
        "otherNums": [
          25,
          20
        ],
        "statNums": {
          "STRENGTH": 50.0,
          "MAGIC_FIND": 10.0,
          "FEROCITY": 5.0
        }
      },
      "interp": "1:83"
    },
    "LEGENDARY": {
      "1": {
        "otherNums": [
          0.2,
          0.2,
          0.5
        ],
        "statNums": {
          "STRENGTH": 0.0,
          "MAGIC_FIND": 0.0,
          "FEROCITY": 0.0
        }
      },
      "100": {
        "otherNums": [
          25,
          20,
          50
        ],
        "statNums": {
          "STRENGTH": 50.0,
          "MAGIC_FIND": 10.0,
          "FEROCITY": 5.0
        }
      },
      "interp": "1:100"
    }
  },
  "MONKEY": {
    "COMMON": {
      "1": {
        "otherNums": [
          0.4
        ],
        "statNums": {
          "INTELLIGENCE": 0.0,
          "SPEED": 0.0
        }
      },
      "100": {
        "otherNums": [
          40
        ],
        "statNums": {
          "INTELLIGENCE": 50.0,
          "SPEED": 20.0
        }
      },
      "interp": "1:87"
    },
    "EPIC": {
      "1": {
        "otherNums": [
          0.6,
          1.0
        ],
        "statNums": {
          "INTELLIGENCE": 0.0,
          "SPEED": 0.0
        }
      },
      "100": {
        "otherNums": [
          60,
          100
        ],
        "statNums": {
          "INTELLIGENCE": 50.0,
          "SPEED": 20.0
        }
      },
      "interp": "1:86"
    },
    "LEGENDARY": {
      "1": {
        "otherNums": [
          0.6,
          1.0,
          0.5
        ],
        "statNums": {
          "INTELLIGENCE": 0.0,
          "SPEED": 0.0
        }
      },
      "100": {
        "otherNums": [
          60,
          100,
          50
        ],
        "statNums": {
          "INTELLIGENCE": 50.0,
          "SPEED": 20.0
        }
      },
      "interp": "1:100"
    },
    "RARE": {
      "1": {
        "otherNums": [
          0.5,
          0.8
        ],
        "statNums": {
          "INTELLIGENCE": 0.0,
          "SPEED": 0.0
        }
      },
      "100": {
        "otherNums": [
          50,
          80
        ],
        "statNums": {
          "INTELLIGENCE": 50.0,
          "SPEED": 20.0
        }
      },
      "interp": "1:81"
    },
    "UNCOMMON": {
      "1": {
        "otherNums": [
          0.5
        ],
        "statNums": {
          "INTELLIGENCE": 0.0,
          "SPEED": 0.0
        }
      },
      "100": {
        "otherNums": [
          50
        ],
        "statNums": {
          "INTELLIGENCE": 50.0,
          "SPEED": 20.0
        }
      },
      "interp": "1:86"
    }
  },
  "OCELOT": {
    "COMMON": {
      "1": {
        "otherNums": [
          0.2
        ],
        "statNums": {
          "SPEED": 0.0,
          "FEROCITY": 0.0
        }
      },
      "100": {
        "otherNums": [
          20
        ],
        "statNums": {
          "SPEED": 50.0,
          "FEROCITY": 10.0
        }
      },
      "interp": "1:100"
    },
    "EPIC": {
      "1": {
        "otherNums": [
          0.3,
          0.3
        ],
        "statNums": {
          "SPEED": 0.0,
          "FEROCITY": 0.0
        }
      },
      "100": {
        "otherNums": [
          30,
          30
        ],
        "statNums": {
          "SPEED": 50.0,
          "FEROCITY": 10.0
        }
      },
      "interp": "1:100"
    },
    "LEGENDARY": {
      "1": {
        "otherNums": [
          0.3,
          0.3,
          0.3
        ],
        "statNums": {
          "SPEED": 0.0,
          "FEROCITY": 0.0
        }
      },
      "100": {
        "otherNums": [
          30,
          30,
          30
        ],
        "statNums": {
          "SPEED": 50.0,
          "FEROCITY": 10.0
        }
      },
      "interp": "1:100"
    },
    "RARE": {
      "1": {
        "otherNums": [
          0.2,
          0.2
        ],
        "statNums": {
          "SPEED": 0.0,
          "FEROCITY": 0.0
        }
      },
      "100": {
        "otherNums": [
          25,
          25
        ],
        "statNums": {
          "SPEED": 50.0,
          "FEROCITY": 10.0
        }
      },
      "interp": "1:80"
    },
    "UNCOMMON": {
      "1": {
        "otherNums": [
          0.2
        ],
        "statNums": {
          "SPEED": 0.0,
          "FEROCITY": 0.0
        }
      },
      "100": {
        "otherNums": [
          25
        ],
        "statNums": {
          "SPEED": 50.0,
          "FEROCITY": 10.0
        }
      },
      "interp": "1:79"
    }
  },
  "PARROT": {
    "EPIC": {
      "1": {
        "otherNums": [
          1.0,
          5.3
        ],
        "statNums": {
          "CRIT_DAMAGE": 0.0,
          "INTELLIGENCE": 1.0
        }
      },
      "100": {
        "otherNums": [
          15,
          40
        ],
        "statNums": {
          "CRIT_DAMAGE": 10.0,
          "INTELLIGENCE": 100.0
        }
      },
      "interp": "1:100"
    },
    "LEGENDARY": {
      "1": {
        "otherNums": [
          1.0,
          5.0,
          5.0,
          0.2
        ],
        "statNums": {
          "CRIT_DAMAGE": 0.0,
          "INTELLIGENCE": 1.0
        }
      },
      "100": {
        "otherNums": [
          20,
          40,
          30,
          20
        ],
        "statNums": {
          "CRIT_DAMAGE": 10.0,
          "INTELLIGENCE": 100.0
        }
      },
      "interp": "1:100"
    }
  },
  "PHOENIX": {
    "EPIC": {
      "1": {
        "otherNums": [
          10.1,
          2.0,
          3.0,
          4.0,
          1.1,
          2.0
        ],
        "statNums": {
          "INTELLIGENCE": 51.0,
          "STRENGTH": 10.0
        }
      },
      "100": {
        "otherNums": [
          20,
          4,
          3,
          4,
          13,
          4
        ],
        "statNums": {
          "INTELLIGENCE": 150.0,
          "STRENGTH": 60.0
        }
      },
      "interp": "1:83"
    },
    "LEGENDARY": {
      "1": {
        "otherNums": [
          15.2,
          2.0,
          3.0,
          4.0,
          1.1,
          2.0
        ],
        "statNums": {
          "INTELLIGENCE": 51.0,
          "STRENGTH": 10.0
        }
      },
      "100": {
        "otherNums": [
          30,
          4,
          3,
          4,
          15,
          5
        ],
        "statNums": {
          "INTELLIGENCE": 150.0,
          "STRENGTH": 60.0
        }
      },
      "interp": "1:100"
    }
  },
  "PIG": {
    "COMMON": {
      "1": {
        "otherNums": [
          0.3
        ],
        "statNums": {
          "SPEED": 0.0
        }
      },
      "100": {
        "otherNums": [
          30
        ],
        "statNums": {
          "SPEED": 25.0
        }
      },
      "interp": "1:50"
    },
    "EPIC": {
      "1": {
        "otherNums": [
          0.5,
          0.5
        ],
        "statNums": {
          "SPEED": 0.0
        }
      },
      "100": {
        "otherNums": [
          50,
          50
        ],
        "statNums": {
          "SPEED": 25.0
        }
      },
      "interp": "1:52"
    },
    "LEGENDARY": {
      "1": {
        "otherNums": [
          0.5,
          0.5
        ],
        "statNums": {
          "SPEED": 0.0
        }
      },
      "100": {
        "otherNums": [
          50,
          50
        ],
        "statNums": {
          "SPEED": 25.0
        }
      },
      "interp": "1:100"
    },
    "RARE": {
      "1": {
        "otherNums": [
          0.4,
          0.4
        ],
        "statNums": {
          "SPEED": 0.0
        }
      },
      "100": {
        "otherNums": [
          40,
          40
        ],
        "statNums": {
          "SPEED": 25.0
        }
      },
      "interp": "1:72"
    },
    "UNCOMMON": {
      "1": {
        "otherNums": [
          0.4
        ],
        "statNums": {
          "SPEED": 0.0
        }
      },
      "100": {
        "otherNums": [
          40
        ],
        "statNums": {
          "SPEED": 25.0
        }
      },
      "interp": "1:35"
    }
  },
  "PIGMAN": {
    "EPIC": {
      "1": {
        "otherNums": [
          0.3,
          0.4,
          0.2
        ],
        "statNums": {
          "FEROCITY": 0.0,
          "DEFENSE": 0.0,
          "STRENGTH": 0.0
        }
      },
      "100": {
        "otherNums": [
          30,
          40,
          25
        ],
        "statNums": {
          "FEROCITY": 5.0,
          "DEFENSE": 50.0,
          "STRENGTH": 50.0
        }
      },
      "interp": "1:82"
    },
    "LEGENDARY": {
      "1": {
        "otherNums": [
          0.3,
          0.4,
          0.2,
          0.2,
          100.0
        ],
        "statNums": {
          "FEROCITY": 0.0,
          "DEFENSE": 0.0,
          "STRENGTH": 0.0
        }
      },
      "100": {
        "otherNums": [
          30,
          40,
          25,
          25,
          100
        ],
        "statNums": {
          "FEROCITY": 5.0,
          "DEFENSE": 50.0,
          "STRENGTH": 50.0
        }
      },
      "interp": "1:100"
    }
  },
  "RABBIT": {
    "COMMON": {
      "1": {
        "otherNums": [
          0.3
        ],
        "statNums": {
          "HEALTH": 1.0,
          "SPEED": 0.0
        }
      },
      "100": {
        "otherNums": [
          30
        ],
        "statNums": {
          "HEALTH": 100.0,
          "SPEED": 20.0
        }
      },
      "interp": "1:78"
    },
    "EPIC": {
      "1": {
        "otherNums": [
          0.5,
          0.3
        ],
        "statNums": {
          "HEALTH": 1.0,
          "SPEED": 0.0
        }
      },
      "100": {
        "otherNums": [
          50,
          30
        ],
        "statNums": {
          "HEALTH": 100.0,
          "SPEED": 20.0
        }
      },
      "interp": "1:100"
    },
    "LEGENDARY": {
      "1": {
        "otherNums": [
          0.5,
          0.3,
          0.3
        ],
        "statNums": {
          "HEALTH": 1.0,
          "SPEED": 0.0
        }
      },
      "100": {
        "otherNums": [
          50,
          30,
          30
        ],
        "statNums": {
          "HEALTH": 100.0,
          "SPEED": 20.0
        }
      },
      "interp": "1:100"
    },
    "RARE": {
      "1": {
        "otherNums": [
          0.4,
          0.2
        ],
        "statNums": {
          "HEALTH": 1.0,
          "SPEED": 0.0
        }
      },
      "100": {
        "otherNums": [
          40,
          25
        ],
        "statNums": {
          "HEALTH": 100.0,
          "SPEED": 20.0
        }
      },
      "interp": "1:90"
    },
    "UNCOMMON": {
      "1": {
        "otherNums": [
          0.4
        ],
        "statNums": {
          "HEALTH": 1.0,
          "SPEED": 0.0
        }
      },
      "100": {
        "otherNums": [
          40
        ],
        "statNums": {
          "HEALTH": 100.0,
          "SPEED": 20.0
        }
      },
      "interp": "1:62"
    }
  },
  "ROCK": {
    "COMMON": {
      "1": {
        "otherNums": [
          15.0
        ],
        "statNums": {
          "DEFENSE": 2.0,
          "TRUE_DEFENSE": 0.0
        }
      },
      "100": {
        "otherNums": [
          15
        ],
        "statNums": {
          "DEFENSE": 200.0,
          "TRUE_DEFENSE": 10.0
        }
      },
      "interp": "1:100"
    },
    "EPIC": {
      "1": {
        "otherNums": [
          15.0,
          0.2
        ],
        "statNums": {
          "DEFENSE": 2.0,
          "TRUE_DEFENSE": 0.0
        }
      },
      "100": {
        "otherNums": [
          15,
          25
        ],
        "statNums": {
          "DEFENSE": 200.0,
          "TRUE_DEFENSE": 10.0
        }
      },
      "interp": "1:80"
    },
    "LEGENDARY": {
      "1": {
        "otherNums": [
          15.0,
          0.2,
          0.3
        ],
        "statNums": {
          "DEFENSE": 2.0,
          "TRUE_DEFENSE": 0.0
        }
      },
      "100": {
        "otherNums": [
          15,
          25,
          30
        ],
        "statNums": {
          "DEFENSE": 200.0,
          "TRUE_DEFENSE": 10.0
        }
      },
      "interp": "1:100"
    },
    "RARE": {
      "1": {
        "otherNums": [
          15.0,
          0.2
        ],
        "statNums": {
          "DEFENSE": 2.0,
          "TRUE_DEFENSE": 0.0
        }
      },
      "100": {
        "otherNums": [
          15,
          20
        ],
        "statNums": {
          "DEFENSE": 200.0,
          "TRUE_DEFENSE": 10.0
        }
      },
      "interp": "1:87"
    },
    "UNCOMMON": {
      "1": {
        "otherNums": [
          15.0
        ],
        "statNums": {
          "DEFENSE": 2.0,
          "TRUE_DEFENSE": 0.0
        }
      },
      "100": {
        "otherNums": [
          15
        ],
        "statNums": {
          "DEFENSE": 200.0,
          "TRUE_DEFENSE": 10.0
        }
      },
      "interp": "1:90"
    }
  },
  "SHEEP": {
    "EPIC": {
      "1": {
        "otherNums": [
          0.2,
          0.1,
          10.0
        ],
        "statNums": {
          "ABILITY_DAMAGE": 0.0,
          "INTELLIGENCE": 1.0
        }
      },
      "100": {
        "otherNums": [
          20,
          10,
          10
        ],
        "statNums": {
          "ABILITY_DAMAGE": 20.0,
          "INTELLIGENCE": 100.0
        }
      },
      "interp": "1:100"
    },
    "RARE": {
      "1": {
        "otherNums": [
          0.1,
          0.1,
          10.0
        ],
        "statNums": {
          "ABILITY_DAMAGE": 0.0,
          "INTELLIGENCE": 1.0
        }
      },
      "100": {
        "otherNums": [
          10,
          10,
          10
        ],
        "statNums": {
          "ABILITY_DAMAGE": 20.0,
          "INTELLIGENCE": 100.0
        }
      },
      "interp": "1:100"
    },
    "COMMON": {
      "1": {
        "otherNums": [
          0.1
        ],
        "statNums": {
          "ABILITY_DAMAGE": 0.0,
          "INTELLIGENCE": 1.0
        }
      },
      "100": {
        "otherNums": [
          10
        ],
        "statNums": {
          "ABILITY_DAMAGE": 20.0,
          "INTELLIGENCE": 100.0
        }
      },
      "interp": "1:100"
    },
    "UNCOMMON": {
      "1": {
        "otherNums": [
          0.1
        ],
        "statNums": {
          "ABILITY_DAMAGE": 0.0,
          "INTELLIGENCE": 1.0
        }
      },
      "100": {
        "otherNums": [
          10
        ],
        "statNums": {
          "ABILITY_DAMAGE": 20.0,
          "INTELLIGENCE": 100.0
        }
      },
      "interp": "1:100"
    },
    "LEGENDARY": {
      "1": {
        "otherNums": [
          0.2,
          0.1,
          10.0,
          0.2
        ],
        "statNums": {
          "ABILITY_DAMAGE": 0.0,
          "INTELLIGENCE": 1.0
        }
      },
      "100": {
        "otherNums": [
          20,
          10,
          10,
          25
        ],
        "statNums": {
          "ABILITY_DAMAGE": 20.0,
          "INTELLIGENCE": 100.0
        }
      },
      "interp": "1:100"
    }
  },
  "SILVERFISH": {
    "COMMON": {
      "1": {
        "otherNums": [
          0.1
        ],
        "statNums": {
          "DEFENSE": 1.0,
          "HEALTH": 0.0
        }
      },
      "100": {
        "otherNums": [
          5
        ],
        "statNums": {
          "DEFENSE": 100.0,
          "HEALTH": 20.0
        }
      },
      "interp": "1:100"
    },
    "EPIC": {
      "1": {
        "otherNums": [
          0.1,
          0.3
        ],
        "statNums": {
          "DEFENSE": 1.0,
          "HEALTH": 0.0
        }
      },
      "100": {
        "otherNums": [
          15,
          30
        ],
        "statNums": {
          "DEFENSE": 100.0,
          "HEALTH": 20.0
        }
      },
      "interp": "1:100"
    },
    "LEGENDARY": {
      "1": {
        "otherNums": [
          0.1,
          0.3
        ],
        "statNums": {
          "DEFENSE": 1.0,
          "HEALTH": 0.0
        }
      },
      "100": {
        "otherNums": [
          15,
          30
        ],
        "statNums": {
          "DEFENSE": 100.0,
          "HEALTH": 20.0
        }
      },
      "interp": "1:100"
    },
    "RARE": {
      "1": {
        "otherNums": [
          0.1,
          0.2
        ],
        "statNums": {
          "DEFENSE": 1.0,
          "HEALTH": 0.0
        }
      },
      "100": {
        "otherNums": [
          10,
          25
        ],
        "statNums": {
          "DEFENSE": 100.0,
          "HEALTH": 20.0
        }
      },
      "interp": "1:79"
    },
    "UNCOMMON": {
      "1": {
        "otherNums": [
          0.1
        ],
        "statNums": {
          "DEFENSE": 1.0,
          "HEALTH": 0.0
        }
      },
      "100": {
        "otherNums": [
          10
        ],
        "statNums": {
          "DEFENSE": 100.0,
          "HEALTH": 20.0
        }
      },
      "interp": "1:64"
    }
  },
  "SKELETON": {
    "COMMON": {
      "1": {
        "otherNums": [
          0.1
        ],
        "statNums": {
          "CRIT_CHANCE": 0.0,
          "CRIT_DAMAGE": 0.0
        }
      },
      "100": {
        "otherNums": [
          10
        ],
        "statNums": {
          "CRIT_CHANCE": 15.0,
          "CRIT_DAMAGE": 30.0
        }
      },
      "interp": "1:64"
    },
    "EPIC": {
      "1": {
        "otherNums": [
          0.2,
          3.0,
          0.2,
          8.0
        ],
        "statNums": {
          "CRIT_CHANCE": 0.0,
          "CRIT_DAMAGE": 0.0
        }
      },
      "100": {
        "otherNums": [
          20,
          3,
          17,
          8
        ],
        "statNums": {
          "CRIT_CHANCE": 15.0,
          "CRIT_DAMAGE": 30.0
        }
      },
      "interp": "1:65"
    },
    "LEGENDARY": {
      "1": {
        "otherNums": [
          0.2,
          3.0,
          0.2,
          8.0,
          60.0,
          15.0
        ],
        "statNums": {
          "CRIT_CHANCE": 0.0,
          "CRIT_DAMAGE": 0.0
        }
      },
      "100": {
        "otherNums": [
          20,
          3,
          20,
          8,
          60,
          15
        ],
        "statNums": {
          "CRIT_CHANCE": 15.0,
          "CRIT_DAMAGE": 30.0
        }
      },
      "interp": "1:100"
    },
    "RARE": {
      "1": {
        "otherNums": [
          0.1,
          3.0,
          0.1,
          8.0
        ],
        "statNums": {
          "CRIT_CHANCE": 0.0,
          "CRIT_DAMAGE": 0.0
        }
      },
      "100": {
        "otherNums": [
          15,
          3,
          15,
          8
        ],
        "statNums": {
          "CRIT_CHANCE": 15.0,
          "CRIT_DAMAGE": 30.0
        }
      },
      "interp": "1:52"
    },
    "UNCOMMON": {
      "1": {
        "otherNums": [
          0.1
        ],
        "statNums": {
          "CRIT_CHANCE": 0.0,
          "CRIT_DAMAGE": 0.0
        }
      },
      "100": {
        "otherNums": [
          15
        ],
        "statNums": {
          "CRIT_CHANCE": 15.0,
          "CRIT_DAMAGE": 30.0
        }
      },
      "interp": "1:49"
    }
  },
  "SKELETON_HORSE": {
    "LEGENDARY": {
      "1": {
        "otherNums": [
          1.5,
          0.4
        ],
        "statNums": {
          "INTELLIGENCE": 1.0,
          "SPEED": 0.0
        }
      },
      "100": {
        "otherNums": [
          150,
          40
        ],
        "statNums": {
          "INTELLIGENCE": 100.0,
          "SPEED": 50.0
        }
      },
      "interp": "1:64"
    }
  },
  "SNOWMAN": {
    "LEGENDARY": {
      "1": {
        "otherNums": [
          4.0,
          0.1,
          5.0,
          1.0
        ],
        "statNums": {
          "CRIT_DAMAGE": 0.0,
          "DAMAGE": 0.0,
          "STRENGTH": 0.0
        }
      },
      "100": {
        "otherNums": [
          8,
          15,
          5,
          1
        ],
        "statNums": {
          "CRIT_DAMAGE": 25.0,
          "DAMAGE": 25.0,
          "STRENGTH": 25.0
        }
      },
      "interp": "1:87"
    }
  },
  "SPIDER": {
    "COMMON":{
      "1":{
        "otherNums": [
          0.1,
          10.0
        ],
        "statNums": {
          "CRIT_CHANCE": 0.0,
          "STRENGTH": 0.0
        }
      },
      "100":{
        "otherNums": [
          10.0,
          10.0
        ],
        "statNums": {
          "CRIT_CHANCE": 10.0,
          "STRENGTH": 10.0
        }
      },
      "interp": "1:100"
    },
    "UNCOMMON": {
      "1": {
        "otherNums": [
          0.1,
          10.0
        ],
        "statNums": {
          "CRIT_CHANCE": 0.0,
          "STRENGTH": 0.0
        }
      },
      "100": {
        "otherNums": [
          10.0,
          10.0
        ],
        "statNums": {
          "CRIT_CHANCE": 10.0,
          "STRENGTH": 10.0
        }
      },
      "interp": "1:45"
    },
    "RARE": {
      "1": {
        "otherNums": [
          0.1,
          10.0,
          0.4

        ],
        "statNums": {
          "CRIT_CHANCE": 0.0,
          "STRENGTH": 0.0
        }
      },
      "100": {
        "otherNums": [
          10.0,
          10.0,
          40.0
        ],
        "statNums": {
          "CRIT_CHANCE": 10.0,
          "STRENGTH": 10.0
        }
      },
      "interp": "1:45"
    },
    "EPIC": {
      "1": {
        "otherNums": [
          0.1,
          10.0,
          0.4
        ],
        "statNums": {
          "CRIT_CHANCE": 0.0,
          "STRENGTH": 0.0
        }
      },
      "100": {
        "otherNums": [
          10,
          10,
          40
        ],
        "statNums": {
          "CRIT_CHANCE": 10.0,
          "STRENGTH": 10.0
        }
      },
      "interp": "1:45"
    },
    "LEGENDARY": {
      "1": {
        "otherNums": [
          0.1,
          10.0,
          0.4,
          0.3
        ],
        "statNums": {
          "CRIT_CHANCE": 0.0,
          "STRENGTH": 0.0
        }
      },
      "100": {
        "otherNums": [
          10,
          10,
          40,
          30
        ],
        "statNums": {
          "CRIT_CHANCE": 10.0,
          "STRENGTH": 10.0
        }
      },
      "interp": "1:100"
    }
  },
  "SPIRIT": {
    "EPIC": {
      "1": {
        "otherNums": [
          5.5
        ],
        "statNums": {
          "INTELLIGENCE": 1.0,
          "SPEED": 0.0
        }
      },
      "100": {
        "otherNums": [
          50
        ],
        "statNums": {
          "INTELLIGENCE": 100.0,
          "SPEED": 30.0
        }
      },
      "interp": "1:61"
    },
    "LEGENDARY": {
      "1": {
        "otherNums": [
          5.5
        ],
        "statNums": {
          "INTELLIGENCE": 1.0,
          "SPEED": 0.0
        }
      },
      "100": {
        "otherNums": [
          50
        ],
        "statNums": {
          "INTELLIGENCE": 100.0,
          "SPEED": 30.0
        }
      },
      "interp": "1:85"
    }
  },
  "SQUID": {
    "COMMON": {
      "1": {
        "otherNums": [
          0.5
        ],
        "statNums": {
          "HEALTH": 0.0,
          "INTELLIGENCE": 0.0
        }
      },
      "100": {
        "otherNums": [
          50
        ],
        "statNums": {
          "HEALTH": 50.0,
          "INTELLIGENCE": 50.0
        }
      },
      "interp": "1:69"
    },
    "EPIC": {
      "1": {
        "otherNums": [
          1.0,
          0.4,
          0.2
        ],
        "statNums": {
          "HEALTH": 0.0,
          "INTELLIGENCE": 0.0
        }
      },
      "100": {
        "otherNums": [
          100,
          40,
          20
        ],
        "statNums": {
          "HEALTH": 50.0,
          "INTELLIGENCE": 50.0
        }
      },
      "interp": "1:78"
    },
    "LEGENDARY": {
      "1": {
        "otherNums": [
          1.0,
          0.4,
          0.2,
          0.3
        ],
        "statNums": {
          "HEALTH": 0.0,
          "INTELLIGENCE": 0.0
        }
      },
      "100": {
        "otherNums": [
          100,
          40,
          20,
          30
        ],
        "statNums": {
          "HEALTH": 50.0,
          "INTELLIGENCE": 50.0
        }
      },
      "interp": "1:100"
    },
    "RARE": {
      "1": {
        "otherNums": [
          0.8,
          0.3,
          0.1
        ],
        "statNums": {
          "HEALTH": 0.0,
          "INTELLIGENCE": 0.0
        }
      },
      "100": {
        "otherNums": [
          75,
          30,
          15
        ],
        "statNums": {
          "HEALTH": 50.0,
          "INTELLIGENCE": 50.0
        }
      },
      "interp": "1:75"
    },
    "UNCOMMON": {
      "1": {
        "otherNums": [
          0.8
        ],
        "statNums": {
          "HEALTH": 0.0,
          "INTELLIGENCE": 0.0
        }
      },
      "100": {
        "otherNums": [
          75
        ],
        "statNums": {
          "HEALTH": 50.0,
          "INTELLIGENCE": 50.0
        }
      },
      "interp": "1:56"
    }
  },
  "TARANTULA": {
    "EPIC": {
      "1": {
        "otherNums": [
          0.3,
          0.5
        ],
        "statNums": {
          "CRIT_CHANCE": 0.0,
          "CRIT_DAMAGE": 0.0,
          "STRENGTH": 0.0
        }
      },
      "100": {
        "otherNums": [
          30,
          50
        ],
        "statNums": {
          "CRIT_CHANCE": 10.0,
          "CRIT_DAMAGE": 30.0,
          "STRENGTH": 10.0
        }
      },
      "interp": "1:65"
    },
    "LEGENDARY": {
      "1": {
        "otherNums": [
          0.3,
          0.5,
          0.4
        ],
        "statNums": {
          "CRIT_CHANCE": 0.0,
          "CRIT_DAMAGE": 0.0,
          "STRENGTH": 0.0
        }
      },
      "100": {
        "otherNums": [
          30,
          50,
          40
        ],
        "statNums": {
          "CRIT_CHANCE": 10.0,
          "CRIT_DAMAGE": 30.0,
          "STRENGTH": 10.0
        }
      },
      "interp": "1:100"
    }
  },
  "TIGER": {
    "COMMON": {
      "1": {
        "otherNums": [
          0.1
        ],
        "statNums": {
          "FEROCITY": 0.0,
          "CRIT_CHANCE": 0.0,
          "CRIT_DAMAGE": 0.0,
          "STRENGTH": 5.0
        }
      },
      "100": {
        "otherNums": [
          15
        ],
        "statNums": {
          "FEROCITY": 25.0,
          "CRIT_CHANCE": 5.0,
          "CRIT_DAMAGE": 50.0,
          "STRENGTH": 15.0
        }
      },
      "interp": "1:90"
    },
    "EPIC": {
      "1": {
        "otherNums": [
          0.5,
          0.6,
          10.0
        ],
        "statNums": {
          "FEROCITY": 0.0,
          "CRIT_CHANCE": 0.0,
          "CRIT_DAMAGE": 0.0,
          "STRENGTH": 5.0
        }
      },
      "100": {
        "otherNums": [
          50,
          55,
          10
        ],
        "statNums": {
          "FEROCITY": 25.0,
          "CRIT_CHANCE": 5.0,
          "CRIT_DAMAGE": 50.0,
          "STRENGTH": 15.0
        }
      },
      "interp": "1:100"
    },
    "LEGENDARY": {
      "1": {
        "otherNums": [
          0.5,
          0.6,
          10.0,
          0.2,
          15.0
        ],
        "statNums": {
          "FEROCITY": 0.0,
          "CRIT_CHANCE": 0.0,
          "CRIT_DAMAGE": 0.0,
          "STRENGTH": 5.0
        }
      },
      "100": {
        "otherNums": [
          50,
          55,
          10,
          20,
          15
        ],
        "statNums": {
          "FEROCITY": 25.0,
          "CRIT_CHANCE": 5.0,
          "CRIT_DAMAGE": 50.0,
          "STRENGTH": 15.0
        }
      },
      "interp": "1:100"
    },
    "RARE": {
      "1": {
        "otherNums": [
          0.3,
          0.3,
          10.0
        ],
        "statNums": {
          "FEROCITY": 0.0,
          "CRIT_CHANCE": 0.0,
          "CRIT_DAMAGE": 0.0,
          "STRENGTH": 5.0
        }
      },
      "100": {
        "otherNums": [
          33,
          30,
          10
        ],
        "statNums": {
          "FEROCITY": 25.0,
          "CRIT_CHANCE": 5.0,
          "CRIT_DAMAGE": 50.0,
          "STRENGTH": 15.0
        }
      },
      "interp": "1:93"
    },
    "UNCOMMON": {
      "1": {
        "otherNums": [
          0.3
        ],
        "statNums": {
          "FEROCITY": 0.0,
          "CRIT_CHANCE": 0.0,
          "CRIT_DAMAGE": 0.0,
          "STRENGTH": 5.0
        }
      },
      "100": {
        "otherNums": [
          33
        ],
        "statNums": {
          "FEROCITY": 25.0,
          "CRIT_CHANCE": 5.0,
          "CRIT_DAMAGE": 50.0,
          "STRENGTH": 15.0
        }
      },
      "interp": "1:92"
    }
  },
  "TURTLE": {
    "EPIC": {
      "1": {
        "otherNums": [
          3.2,
          5.3,
          0.2
        ],
        "statNums": {
          "DEFENSE": 1.0,
          "HEALTH": 0.0
        }
      },
      "100": {
        "otherNums": [
          20,
          40,
          20
        ],
        "statNums": {
          "DEFENSE": 100.0,
          "HEALTH": 50.0
        }
      },
      "interp": "1:86"
    },
    "LEGENDARY": {
      "1": {
        "otherNums": [
          3.2,
          5.5,
          0.2
        ],
        "statNums": {
          "DEFENSE": 1.0,
          "HEALTH": 0.0
        }
      },
      "100": {
        "otherNums": [
          20,
          50,
          25
        ],
        "statNums": {
          "DEFENSE": 100.0,
          "HEALTH": 50.0
        }
      },
      "interp": "1:100"
    }
  },
  "WITHER_SKELETON": {
    "EPIC": {
      "1": {
        "otherNums": [
          0.3,
          0.5
        ],
        "statNums": {
          "CRIT_CHANCE": 0.0,
          "CRIT_DAMAGE": 0.0,
          "DEFENSE": 0.0,
          "INTELLIGENCE": 0.0,
          "STRENGTH": 0.0
        }
      },
      "100": {
        "otherNums": [
          30,
          50
        ],
        "statNums": {
          "CRIT_CHANCE": 5.0,
          "CRIT_DAMAGE": 25.0,
          "DEFENSE": 25.0,
          "INTELLIGENCE": 25.0,
          "STRENGTH": 25.0
        }
      },
      "interp": "1:79"
    },
    "LEGENDARY": {
      "1": {
        "otherNums": [
          0.3,
          0.5,
          2.0,
          3.0
        ],
        "statNums": {
          "CRIT_CHANCE": 0.0,
          "CRIT_DAMAGE": 0.0,
          "DEFENSE": 0.0,
          "INTELLIGENCE": 0.0,
          "STRENGTH": 0.0
        }
      },
      "100": {
        "otherNums": [
          30,
          50,
          200,
          3
        ],
        "statNums": {
          "CRIT_CHANCE": 5.0,
          "CRIT_DAMAGE": 25.0,
          "DEFENSE": 25.0,
          "INTELLIGENCE": 25.0,
          "STRENGTH": 25.0
        }
      },
      "interp": "1:100"
    }
  },
  "WOLF": {
    "COMMON": {
      "1": {
        "otherNums": [
          0.1
        ],
        "statNums": {
          "CRIT_DAMAGE": 0.0,
          "HEALTH": 0.0,
          "SPEED": 0.0,
          "TRUE_DEFENSE": 0.0
        }
      },
      "100": {
        "otherNums": [
          10
        ],
        "statNums": {
          "CRIT_DAMAGE": 10.0,
          "HEALTH": 50.0,
          "SPEED": 20.0,
          "TRUE_DEFENSE": 10.0
        }
      },
      "interp": "1:60"
    },
    "EPIC": {
      "1": {
        "otherNums": [
          0.3,
          0.1,
          10.0
        ],
        "statNums": {
          "CRIT_DAMAGE": 0.0,
          "HEALTH": 0.0,
          "SPEED": 0.0,
          "TRUE_DEFENSE": 0.0
        }
      },
      "100": {
        "otherNums": [
          30,
          15,
          10
        ],
        "statNums": {
          "CRIT_DAMAGE": 10.0,
          "HEALTH": 50.0,
          "SPEED": 20.0,
          "TRUE_DEFENSE": 10.0
        }
      },
      "interp": "1:75"
    },
    "LEGENDARY": {
      "1": {
        "otherNums": [
          0.3,
          0.1,
          10.0,
          0.3
        ],
        "statNums": {
          "CRIT_DAMAGE": 0.0,
          "HEALTH": 0.0,
          "SPEED": 0.0,
          "TRUE_DEFENSE": 0.0
        }
      },
      "100": {
        "otherNums": [
          30,
          15,
          10,
          30
        ],
        "statNums": {
          "CRIT_DAMAGE": 10.0,
          "HEALTH": 50.0,
          "SPEED": 20.0,
          "TRUE_DEFENSE": 10.0
        }
      },
      "interp": "1:100"
    },
    "RARE": {
      "1": {
        "otherNums": [
          0.2,
          0.1,
          10.0
        ],
        "statNums": {
          "CRIT_DAMAGE": 0.0,
          "HEALTH": 0.0,
          "SPEED": 0.0,
          "TRUE_DEFENSE": 0.0
        }
      },
      "100": {
        "otherNums": [
          20,
          10,
          10
        ],
        "statNums": {
          "CRIT_DAMAGE": 10.0,
          "HEALTH": 50.0,
          "SPEED": 20.0,
          "TRUE_DEFENSE": 10.0
        }
      },
      "interp": "1:57"
    },
    "UNCOMMON": {
      "1": {
        "otherNums": [
          0.2
        ],
        "statNums": {
          "CRIT_DAMAGE": 0.0,
          "HEALTH": 0.0,
          "SPEED": 0.0,
          "TRUE_DEFENSE": 0.0
        }
      },
      "100": {
        "otherNums": [
          20
        ],
        "statNums": {
          "CRIT_DAMAGE": 10.0,
          "HEALTH": 50.0,
          "SPEED": 20.0,
          "TRUE_DEFENSE": 10.0
        }
      },
      "interp": "1:72"
    }
  },
  "ZOMBIE": {
    "EPIC": {
      "1": {
        "otherNums": [
          0.2,
          0.2
        ],
        "statNums": {
          "CRIT_DAMAGE": 0.0,
          "HEALTH": 1.0
        }
      },
      "100": {
        "otherNums": [
          25,
          25
        ],
        "statNums": {
          "CRIT_DAMAGE": 30.0,
          "HEALTH": 100.0
        }
      },
      "interp": "1:70"
    },
    "LEGENDARY": {
      "1": {
        "otherNums": [
          0.2,
          0.2,
          0.2
        ],
        "statNums": {
          "CRIT_DAMAGE": 0.0,
          "HEALTH": 1.0
        }
      },
      "100": {
        "otherNums": [
          25,
          25,
          20
        ],
        "statNums": {
          "CRIT_DAMAGE": 30.0,
          "HEALTH": 100.0
        }
      },
      "interp": "1:64"
    },
    "UNCOMMON": {
      "1": {
        "otherNums": [
          0.2
        ],
        "statNums": {
          "CRIT_DAMAGE": 0.0,
          "HEALTH": 1.0
        }
      },
      "100": {
        "otherNums": [
          20
        ],
        "statNums": {
          "CRIT_DAMAGE": 30.0,
          "HEALTH": 100.0
        }
      },
      "interp": "1:70"
    },
    "COMMON": {
        "1": {
          "otherNums": [
            0.2
          ],
          "statNums": {
            "CRIT_DAMAGE": 0.0,
            "HEALTH": 1.0
          }
        },
        "100": {
          "otherNums": [
            20
          ],
          "statNums": {
            "CRIT_DAMAGE": 30.0,
            "HEALTH": 100.0
          }
        },
        "interp": "1:70"
      },
    "RARE": {
      "1": {
        "otherNums": [
          0.2,
          0.2
        ],
        "statNums": {
          "CRIT_DAMAGE": 0.0,
          "HEALTH": 1.0
        }
      },
      "100": {
        "otherNums": [
          25,
          25
        ],
        "statNums": {
          "CRIT_DAMAGE": 30.0,
          "HEALTH": 100.0
        }
      },
      "interp": "1:70"
    }
  },
   "GRIFFIN": {
    "COMMON": {
      "1": {
        "otherNums": [
        ],
        "statNums": {
          "CRIT_CHANCE": 0.1,
          "CRIT_DAMAGE": 0.5,
          "STRENGTH": 0.25,
          "MAGIC_FIND": 0.1,
          "INTELLIGENCE": 0.1
        }
      },
      "100": {
        "otherNums": [
        ],
        "statNums": {
           "CRIT_CHANCE": 10,
          "CRIT_DAMAGE": 50,
          "STRENGTH": 25,
          "MAGIC_FIND": 10,
          "INTELLIGENCE": 10
        }
      },
      "interp": "1:70"
    },
    "UNCOMMON": {
      "1": {
        "otherNums": [
        ],
        "statNums": {
          "CRIT_CHANCE": 0.1,
          "CRIT_DAMAGE": 0.5,
          "STRENGTH": 0.25,
          "MAGIC_FIND": 0.1,
          "INTELLIGENCE": 0.1
        }
      },
      "100": {
        "otherNums": [
        ],
        "statNums": {
          "CRIT_CHANCE": 10,
          "CRIT_DAMAGE": 50,
          "STRENGTH": 25,
          "MAGIC_FIND": 10,
          "INTELLIGENCE": 10
        }
      },
      "interp": "1:70"
    },
    "RARE": {
      "1": {
        "otherNums": [
        ],
        "statNums": {
          "CRIT_CHANCE": 0.1,
          "CRIT_DAMAGE": 0.5,
          "STRENGTH": 0.25,
          "MAGIC_FIND": 0.1,
          "INTELLIGENCE": 0.1
        }
      },
      "100": {
        "otherNums": [
        ],
        "statNums": {
          "CRIT_CHANCE": 10,
          "CRIT_DAMAGE": 50,
          "STRENGTH": 25,
          "MAGIC_FIND": 10,
          "INTELLIGENCE": 10
        }
      },
      "interp": "1:70"
    },
    "EPIC": {
      "1": {
        "otherNums": [
          1
        ],
        "statNums": {
          "CRIT_CHANCE": 0.1,
          "CRIT_DAMAGE": 0.5,
          "STRENGTH": 0.25,
          "MAGIC_FIND": 0.1,
          "INTELLIGENCE": 0.1
        }
      },
      "100": {
        "otherNums": [
          16
        ],
        "statNums": {
          "CRIT_CHANCE": 10,
          "CRIT_DAMAGE": 50,
          "STRENGTH": 25,
          "MAGIC_FIND": 10,
          "INTELLIGENCE": 10
        }
      },
      "interp": "1:70"
    },
    "LEGENDARY": {
      "1": {
        "otherNums": [
          1,
          1
        ],
        "statNums": {
          "CRIT_CHANCE": 0.1,
          "CRIT_DAMAGE": 0.5,
          "STRENGTH": 0.25,
          "MAGIC_FIND": 0.1,
          "INTELLIGENCE": 0.1
        }
      },
      "100": {
        "otherNums": [
          20,
          15
        ],
        "statNums": {
          "CRIT_CHANCE": 10,
          "CRIT_DAMAGE": 50,
          "STRENGTH": 25,
          "MAGIC_FIND": 10,
          "INTELLIGENCE": 10
        }
      },
      "interp": "1:70"
    }
  },
  "MITHRIL_GOLEM":{
    "COMMON":{
      "1":{
        "otherNums":[
          0.5
        ],
        "statNums":{
          "TRUE_DEFENSE": 0.5
        }
      },
      "100":{
        "otherNums":[
          50
        ],
        "statNums":{
          "TRUE_DEFENSE": 50.0
        }
      }
    },
    "UNCOMMON":{
      "1":{
        "otherNums":[
          0.8
        ],
        "statNums":{
          "TRUE_DEFENSE": 0.5
        }
      },
      "100":{
        "otherNums":[
          80
        ],
        "statNums":{
          "TRUE_DEFENSE": 50.0
        }
      }
    },
    "RARE":{
      "1":{
        "otherNums":[
          0.8,
          0.1
        ],
        "statNums":{
          "TRUE_DEFENSE": 0.5
        }
      },
      "100":{
        "otherNums":[
          80,
          10
        ],
        "statNums":{
          "TRUE_DEFENSE": 50.0
        }
      }
    },
    "EPIC":{
      "1":{
        "otherNums":[
          1,
          0.2
        ],
        "statNums":{
          "TRUE_DEFENSE": 0.5
        }
      },
      "100":{
        "otherNums":[
          100,
          20.0
        ],
        "statNums":{
          "TRUE_DEFENSE": 50.0
        }
      }
    },
    "LEGENDARY":{
      "1":{
        "otherNums":[
          1,
          0.2,
          0.2
        ],
        "statNums":{
          "TRUE_DEFENSE": 0.5
        }
      },
      "100":{
        "otherNums":[
          100,
          20.0,
          20.0
        ],
        "statNums":{
          "TRUE_DEFENSE": 50.0
        }
      }
    }
  },
  "GRANDMA_WOLF":{
    "COMMON":{
      "1":{
        "otherNums":[
          8,
          6,
          4,
          3,
          3,
          2
        ],
        "statNums":{
          "HEALTH": 1,
          "STRENGTH":0
        }
      },
      "100":{
        "otherNums":[
          10,
          8,
          6,
          5,
          4,
          3
        ],
        "statNums":{
          "HEALTH": 25,
          "STRENGTH":100
        }
      }
    },
    "UNCOMMON":{
      "1":{
        "otherNums":[
          8,
          6,
          4,
          3,
          3,
          2
        ],
        "statNums":{
          "HEALTH": 1,
          "STRENGTH":0
        }
      },
      "100":{
        "otherNums":[
          10,
          8,
          6,
          5,
          4,
          3
        ],
        "statNums":{
          "HEALTH": 25,
          "STRENGTH":100
        }
      }
    },
    "RARE":{
      "1":{
        "otherNums":[
          8,
          6,
          4,
          3,
          3,
          2
        ],
        "statNums":{
          "HEALTH": 1,
          "STRENGTH":0
        }
      },
      "100":{
        "otherNums":[
          10,
          8,
          6,
          5,
          4,
          3
        ],
        "statNums":{
          "HEALTH": 25,
          "STRENGTH":100
        }
      }
    },
    "EPIC":{
      "1":{
        "otherNums":[
          8,
          6,
          4,
          3,
          3,
          2
        ],
        "statNums":{
          "HEALTH": 1,
          "STRENGTH":0
        }
      },
      "100":{
        "otherNums":[
          10,
          8,
          6,
          5,
          4,
          3
        ],
        "statNums":{
          "HEALTH": 25,
          "STRENGTH":100
        }
      }
    },
    "LEGENDARY":{
      "1":{
        "otherNums":[
          8,
          6,
          4,
          3,
          3,
          2
        ],
        "statNums":{
          "HEALTH": 1,
          "STRENGTH":0
        }
      },
      "100":{
        "otherNums":[
          10,
          8,
          6,
          5,
          4,
          3
        ],
        "statNums":{
          "HEALTH": 25,
          "STRENGTH":100
        }
      }
    }
  },
  "RAT": {
    "LEGENDARY": {
      "1": {
        "otherNums": [
          2.0,
          20
        ],
        "statNums": {
          "CRIT_DAMAGE": 0.0,
          "HEALTH": 0.0,
          "STRENGTH": 0.0
        }
      },
      "100": {
        "otherNums": [
          7,
          40
        ],
        "statNums": {
          "CRIT_DAMAGE": 10.0,
          "HEALTH": 100.0,
          "STRENGTH": 50.0
        }
      },
      "interp": "1:87"
    }
  }
}
