{
  "itemid": "minecraft:skull",
  "displayname": "§f§f§9Absolute Ender Pearl",
  "nbttag": "{overrideMeta:1b,HideFlags:254,SkullOwner:{Id:\"8fa8272c-7171-3ff6-a997-b46ed76a3bf7\",Properties:{textures:[0:{Value:\"eyJ0ZXh0dXJlcyI6eyJTS0lOIjp7InVybCI6Imh0dHA6Ly90ZXh0dXJlcy5taW5lY3JhZnQubmV0L3RleHR1cmUvNWNiN2MyMWNjNDNkYzE3Njc4ZWU2ZjE2NTkxZmZhYWIxZjYzN2MzN2Y0ZjZiYmQ4Y2VhNDk3NDUxZDc2ZGI2ZCJ9fX0\u003d\"}]}},display:{Lore:[0:\"§9§lRARE\"],Name:\"§f§f§9Absolute Ender Pearl\"},ExtraAttributes:{id:\"ABSOLUTE_ENDER_PEARL\"},AttributeModifiers:[]}",
  "damage": 3,
  "lore": [
    "§9§lRARE"
  ],
  "recipe": {
    "A1": "",
    "A2": "ENCHANTED_ENDER_PEARL:16",
    "A3": "",
    "B1": "ENCHANTED_ENDER_PEARL:16",
    "B2": "ENCHANTED_ENDER_PEARL:16",
    "B3": "ENCHANTED_ENDER_PEARL:16",
    "C1": "",
    "C2": "ENCHANTED_ENDER_PEARL:16",
    "C3": ""
  },
  "internalname": "ABSOLUTE_ENDER_PEARL",
  "crafttext": "",
  "clickcommand": "viewrecipe",
  "modver": "2.0.0-REL",
  "infoType": "WIKI_URL",
  "info": [
    "https://hypixel-skyblock.fandom.com/wiki/Absolute_Ender_Pearl"
  ]
}