{
  "internalname": "ABSORPTION",
  "itemid": "minecraft:potion",
  "displayname": "§fAbsorption Potion",
  "clickcommand": "viewpotion",
  "damage": 3,
  "nbttag": "{CustomPotionEffects:[0:{Ambient:0b,Duration:20,Id:12b,Amplifier:0b}],HideFlags:254,display:{Lore:[0:\"\",1:\"§6Absorption\",2:\"§7Grants a boost to absorption\",3:\"§7health.\",4:\"\",5:\"§f§lCOMMON\"],Name:\"§fAbsorption Potion\"},ExtraAttributes:{id:\"ABSORPTION\"}}",
  "modver": "2.0.0-REL",
  "lore": [
    "",
    "§6Absorption",
    "§7Grants a boost to absorption",
    "§7health.",
    "",
    "§f§lCOMMON"
  ],
  "crafttext": "",
  "infoType": ""
}