{
  "itemid": "minecraft:acacia_door",
  "displayname": "§fAcacia Door",
  "nbttag": "{HideFlags:254,display:{Lore:[0:\"§f§lCOMMON\"],Name:\"§fAcacia Door\"},ExtraAttributes:{id:\"ACACIA_DOOR_ITEM\"}}",
  "damage": 0,
  "lore": [
    "§f§lCOMMON"
  ],
  "internalname": "ACACIA_DOOR_ITEM",
  "modver": "1.3-REL",
  "vanilla": true,
  "clickcommand": "viewrecipe",
  "recipe": {
    "A1": "WOOD-4:1",
    "A2": "WOOD-4:1",
    "A3": "",
    "B1": "WOOD-4:1",
    "B2": "WOOD-4:1",
    "B3": "",
    "C1": "WOOD-4:1",
    "C2": "WOOD-4:1",
    "C3": ""
  }
}