{
  "itemid": "minecraft:acacia_fence_gate",
  "displayname": "§fAcacia Fence Gate",
  "nbttag": "{HideFlags:254,display:{Lore:[0:\"§f§lCOMMON\"],Name:\"§fAcacia Fence Gate\"},ExtraAttributes:{id:\"ACACIA_FENCE_GATE\"}}",
  "damage": 0,
  "lore": [
    "§f§lCOMMON"
  ],
  "internalname": "ACACIA_FENCE_GATE",
  "modver": "1.3-REL",
  "vanilla": true,
  "clickcommand": "viewrecipe",
  "recipe": {
    "A1": "STICK:1",
    "A2": "WOOD-4:1",
    "A3": "STICK:1",
    "B1": "STICK:1",
    "B2": "WOOD-4:1",
    "B3": "STICK:1",
    "C1": "",
    "C2": "",
    "C3": ""
  }
}