{
  "itemid": "minecraft:acacia_stairs",
  "displayname": "§fAcacia Wood Stairs",
  "nbttag": "{HideFlags:254,display:{Lore:[0:\"§f§lCOMMON\"],Name:\"§fAcacia Wood Stairs\"},ExtraAttributes:{id:\"ACACIA_STAIRS\"}}",
  "damage": 0,
  "lore": [
    "§f§lCOMMON"
  ],
  "internalname": "ACACIA_STAIRS",
  "modver": "1.3-REL",
  "vanilla": true,
  "clickcommand": "viewrecipe",
  "recipe": {
    "A1": "WOOD-4:1",
    "A2": "",
    "A3": "",
    "B1": "WOOD-4:1",
    "B2": "WOOD-4:1",
    "B3": "",
    "C1": "WOOD-4:1",
    "C2": "WOOD-4:1",
    "C3": "WOOD-4:1"
  }
}