{
  "itemid": "minecraft:activator_rail",
  "displayname": "§fActivator Rail",
  "nbttag": "{HideFlags:254,display:{Lore:[0:\"§f§lCOMMON\"],Name:\"§fActivator Rail\"},ExtraAttributes:{id:\"ACTIVATOR_RAIL\"}}",
  "damage": 0,
  "lore": [
    "§f§lCOMMON"
  ],
  "internalname": "ACTIVATOR_RAIL",
  "modver": "1.3-REL",
  "vanilla": true,
  "clickcommand": "viewrecipe",
  "recipe": {
    "A1": "IRON_INGOT:1",
    "A2": "STICK:1",
    "A3": "IRON_INGOT:1",
    "B1": "IRON_INGOT:1",
    "B2": "REDSTONE_TORCH_ON:1",
    "B3": "IRON_INGOT:1",
    "C1": "IRON_INGOT:1",
    "C2": "STICK:1",
    "C3": "IRON_INGOT:1"
  }
}