{
  "internalname": "AGILITY",
  "itemid": "minecraft:potion",
  "displayname": "§fAgility Potion",
  "clickcommand": "viewpotion",
  "damage": 6,
  "nbttag": "{CustomPotionEffects:[0:{Ambient:0b,Duration:20,Id:16b,Amplifier:0b}],HideFlags:254,display:{Lore:[0:\"\",1:\"§5Agility\",2:\"§7Grants a §f✦ Speed §7boost and\",3:\"§7increases the chance for mob\",4:\"§7attacks to miss.\",5:\"\",6:\"§f§lCOMMON\"],Name:\"§fAgility Potion\"},ExtraAttributes:{id:\"AGILITY\"}}",
  "modver": "1.0.0",
  "lore": [
    "",
    "§5Agility",
    "§7Grants a §f✦ Speed §7boost and",
    "§7increases the chance for mob",
    "§7attacks to miss.",
    "",
    "§f§lCOMMON"
  ]
}