{
  "itemid": "minecraft:quartz_stairs",
  "displayname": "§cAncient Elevator",
  "nbttag": "{overrideMeta:1b,HideFlags:254,display:{Lore:[0:§r§7\"§7Manual operation.§r§7\",1:§r§7\"§r§7\",2:§r§7\"§7To: §c[ADMIN] Minikloon\",3:§r§7\"§7From: §c[ADMIN] Minikloon§f§r§7\",4:§r§7\"§r§7\",5:§r§7\"§8Edition #1§r§7\",6:§r§7\"§8September 2020§r§7\",7:§r§7\"§r§7\",8:§r§7\"§c§lSPECIAL§r§7\"],Name:\"§cAncient Elevator§r§7\"},ExtraAttributes:{date:1600188895719L,edition:1,sender_name:\"§c[ADMIN] Minikloons§f§r§7\",id:\"ANCIENT_ELEVATOR\",recipient_name:\"§c[ADMIN] Minikloons§f§r§7\",AttributeModifiers:[]}}",
  "damage": 0,
  "lore": [
    "§7Manual operation.",
    "",
    "§7To: §c[ADMIN] Minikloon",
    "§7From: §c[ADMIN] Minikloon",
    "",
    "§8Edition #1",
    "§8September 2020",
    "",
    "§c§lSPECIAL"
  ],
  "internalname": "ANCIENT_ELEVATOR",
  "crafttext": "",
  "clickcommand": "",
  "modver": "2.0.0-REL",
  "infoType": "WIKI_URL",
  "info": [
    "https://hypixel-skyblock.fandom.com/wiki/Ancient_Elevator"
  ]
}
