{
  "itemid": "minecraft:enchanted_book",
  "displayname": "§fEnchanted Book",
  "nbttag": "{ench:[],HideFlags:254,display:{Lore:[0:\"§9Angler I\",1:\"§7Increase chance to catch sea\",2:\"§7creatures by §a1%§7.\",3:\"\",4:\"§7Use this on an item in an Anvil\",5:\"§7to apply it!\",6:\"\",7:\"§6Source:\",8:\"§aI-V: §7Enchantment Table,\",9:\"§7Ink Sack Collection\",10:\"\",11:\"§6Applied To:\",12:\"§7- §fFishing Rod\",13:\"§7- §fFishing Weapon\",14:\"\",15:\"§f§lCOMMON\"],Name:\"§fEnchanted Book\"},ExtraAttributes:{id:\"ANGLER;1\",enchantments:{angler:1}}}",
  "damage": 0,
  "lore": [
    "§9Angler I",
    "§7Increase chance to catch sea",
    "§7creatures by §a1%§7.",
    "",
    "§7Use this on an item in an Anvil",
    "§7to apply it!",
    "",
    "§6Source:",
    "§aI-V: §7Enchantment Table,",
    "§7Ink Sack Collection",
    "",
    "§6Applied To:",
    "§7- §fFishing Rod",
    "§7- §fFishing Weapon",
    "",
    "§f§lCOMMON"
  ],
  "internalname": "ANGLER;1",
  "parent": "ANGLER;4",
  "clickcommand": "",
  "modver": "2.0.0-REL",
  "crafttext": "",
  "infoType": ""
}