{
  "itemid": "minecraft:skull",
  "displayname": "§f§f§9Warped Stone",
  "nbttag": "{overrideMeta:1b,HideFlags:254,SkullOwner:{Id:\"8fa8272c-7171-3ff6-a997-b46ed76a3bf7\",Properties:{textures:[0:{Value:\"eyJ0ZXh0dXJlcyI6eyJTS0lOIjp7InVybCI6Imh0dHA6Ly90ZXh0dXJlcy5taW5lY3JhZnQubmV0L3RleHR1cmUvNWNiN2MyMWNjNDNkYzE3Njc4ZWU2ZjE2NTkxZmZhYWIxZjYzN2MzN2Y0ZjZiYmQ4Y2VhNDk3NDUxZDc2ZGI2ZCJ9fX0\u003d\"}]}},display:{Lore:[0:\"§8Reforge Stone\",1:\"\",2:\"§7Can be used in a Reforge Anvil\",3:\"§7or with the Dungeon Blacksmith\",4:\"§7to apply the §9Warped §7reforge\",5:\"§7to a sword.\",6:\"\",7:\"§7§8§oIf you look deep inside, you\",8:\"§8§orisk finding yourself somewhere\",9:\"§8§oelse.\",10:\"\",11:\"§7Requires §aMining Skill Level\",12:\"§aXXVI§7!\",13:\"\",14:\"§9§lRARE REFORGE STONE\"],Name:\"§f§f§9Warped Stone\"},ExtraAttributes:{id:\"AOTE_STONE\"},AttributeModifiers:[]}",
  "damage": 3,
  "lore": [
    "§8Reforge Stone",
    "",
    "§7Can be used in a Reforge Anvil",
    "§7or with the Dungeon Blacksmith",
    "§7to apply the §9Warped §7reforge",
    "§7to a sword.",
    "",
    "§7§8§oIf you look deep inside, you",
    "§8§orisk finding yourself somewhere",
    "§8§oelse.",
    "",
    "§7Requires §aMining Skill Level",
    "§aXXVI§7!",
    "",
    "§9§lRARE REFORGE STONE"
  ],
  "internalname": "AOTE_STONE",
  "crafttext": "",
  "clickcommand": "",
  "modver": "1.5-REL",
  "infoType": "WIKI_URL",
  "info": [
    "https://hypixel-skyblock.fandom.com/wiki/Warped_Stone"
  ]
}