{
  "itemid": "minecraft:enchanted_book",
  "displayname": "§fEnchanted Book",
  "nbttag": "{ench:[0:{lvl:1s,id:6s}],HideFlags:254,display:{Lore:[0:\"§9Aqua Affinity I\",1:\"§7Increases your underwater mining\",2:\"§7rate.\",3:\"\",4:\"§7Use this on an item in an Anvil\",5:\"§7to apply it!\",6:\"\",7:\"§6Source:\",8:\"§aI: §7Enchantment Table,\",9:\"§7Prismarine Crystals Collection\",10:\"\",11:\"§6Applied To:\",12:\"§7- §fHelmet\",13:\"\",14:\"§f§lCOMMON\"],Name:\"§fEnchanted Book\"},ExtraAttributes:{id:\"AQUA_AFFINITY;1\",enchantments:{aqua_affinity:1}}}",
  "damage": 0,
  "lore": [
    "§9Aqua Affinity I",
    "§7Increases your underwater mining",
    "§7rate.",
    "",
    "§7Use this on an item in an Anvil",
    "§7to apply it!",
    "",
    "§6Source:",
    "§aI: §7Enchantment Table,",
    "§7Prismarine Crystals Collection",
    "",
    "§6Applied To:",
    "§7- §fHelmet",
    "",
    "§f§lCOMMON"
  ],
  "recipe": {
    "A1": "",
    "A2": "",
    "A3": "",
    "B1": "",
    "B2": "PAPER:1",
    "B3": "PAPER:1",
    "C1": "",
    "C2": "PAPER:1",
    "C3": "PRISMARINE_CRYSTALS:1"
  },
  "internalname": "AQUA_AFFINITY;1",
  "clickcommand": "viewrecipe",
  "modver": "2.0.0-REL",
  "crafttext": "Requires: Prismarine Crystals IV",
  "infoType": ""
}