{
  "itemid": "minecraft:skull",
  "displayname": "§9Arachne\u0027s Brood (Monster)",
  "nbttag": "{HideFlags:254,SkullOwner:{Id:\"7c63f3cf-a963-311a-aeca-3a075b417806\",Properties:{textures:[0:{Value:\"eyJ0ZXh0dXJlcyI6eyJTS0lOIjp7InVybCI6Imh0dHA6Ly90ZXh0dXJlcy5taW5lY3JhZnQubmV0L3RleHR1cmUvY2Q1NDE1NDFkYWFmZjUwODk2Y2QyNThiZGJkZDRjZjgwYzNiYTgxNjczNTcyNjA3OGJmZTM5MzkyN2U1N2YxIn19fQ\"}]}},display:{Lore:[0:\"§7Arachne\u0027s Brood is a mob spawned\",1:\"§7in waves by Arachne when she falls\",2:\"§7below 50% and 25% of her health\",3:\"\",4:\"§c❤ Health§8: §c10.000-100.000\",5:\"§7Coins per Kill: §610-13\",6:\"\",7:\"§6§lPossible Drops:\",8:\"§fCommon Loot\",9:\"§8 ■ §fSpider Eye\",10:\"§8 ■ §fString §8(§a50%§8)\"],Name:\"§9Arachne\u0027s Brood (Monster)\"},ExtraAttributes:{id:\"ARACHNES_BROOD_MONSTER\"}}",
  "damage": 3,
  "lore": [
    "§7Arachne\u0027s Brood is a mob spawned",
    "§7in waves by Arachne when she falls",
    "§7below 50% and 25% of her health",
    "",
    "§c❤ Health§8: §c10.000-100.000",
    "§7Coins per Kill: §610-13",
    "§7Combat XP: §31",
    "",
    "§6§lPossible Drops:",
    "§fCommon Loot",
    "§8 ■ §fSpider Eye",
    "§8 ■ §fString §8(§a50%§8)"
  ],
  "internalname": "ARACHNES_BROOD_MONSTER",
  "clickcommand": "",
  "modver": "2.0.0-REL",
  "infoType": "WIKI_URL",
  "info": [
    "https://hypixel-skyblock.fandom.com/wiki/Arachne\u0027s_Brood"
  ],
  "crafttext": ""
}