{
  "itemid": "minecraft:skull",
  "displayname": "§f§f§9Arachne\u0027s Keeper Fragment",
  "nbttag": "{overrideMeta:1b,HideFlags:254,SkullOwner:{Id:\"ceba54f1-f253-395f-a300-35b7489c0cb1\",Properties:{textures:[0:{Value:\"eyJ0ZXh0dXJlcyI6eyJTS0lOIjp7InVybCI6Imh0dHA6Ly90ZXh0dXJlcy5taW5lY3JhZnQubmV0L3RleHR1cmUvZTRhYWNiOGEzNmUyMjdkODYxZWE0NDM2NmNlM2IzNTEwZWU3YzI3MjJjNGVhNTFiMmYyZTgzNzQ5YmYxMjQifX19\"}]}},display:{Lore:[0:\"§7§7A Fragment dropped by the\",1:\"§7loyal servants of Arachne.\",2:\"\",3:\"§9§lRARE\"],Name:\"§f§f§9Arachne\u0027s Keeper Fragment\"},ExtraAttributes:{id:\"ARACHNE_KEEPER_FRAGMENT\"},AttributeModifiers:[]}",
  "damage": 3,
  "lore": [
    "§7§7A Fragment dropped by the",
    "§7loyal servants of Arachne.",
    "",
    "§9§lRARE"
  ],
  "internalname": "ARACHNE_KEEPER_FRAGMENT",
  "crafttext": "",
  "clickcommand": "",
  "modver": "2.0.0-REL",
  "infoType": "WIKI_URL",
  "info" : [
    "https://hypixel-skyblock.fandom.com/wiki/Arachne_Keeper_Fragment" 
  ]
}
