{
  "itemid": "minecraft:skull",
  "displayname": "§f§f§9Arachne Fragment",
  "nbttag": "{overrideMeta:1b,HideFlags:254,SkullOwner:{Id:\"951bc5be-5e19-35db-8b0c-c5035faf4a98\",Properties:{textures:[0:{Value:\"eyJ0ZXh0dXJlcyI6eyJTS0lOIjp7InVybCI6Imh0dHA6Ly90ZXh0dXJlcy5taW5lY3JhZnQubmV0L3RleHR1cmUvNWNlODMwZjIwZDBkZmIyNDI3Nzk3NTFmN2E1YzY4ZTY3ODg4OGY3Mjc1ODYxNDY1NGI2NTU2MjVjZjk0MzI0MyJ9fX0\u003d\"}]}},display:{Lore:[0:\"§7§7A Fragment imbued with the\",1:\"§7power of Arachne.\",2:\"\",3:\"§9§lRARE\"],Name:\"§f§f§9Arachne Fragment\"},ExtraAttributes:{id:\"ARACHNE_FRAGMENT\"},AttributeModifiers:[]}",
  "damage": 3,
  "lore": [
    "§7§7A Fragment imbued with the",
    "§7power of Arachne.",
    "",
    "§9§lRARE"
  ],
  "internalname": "ARACHNE_FRAGMENT",
  "crafttext": "",
  "clickcommand": "",
  "modver": "2.0.0-REL",
  "infoType": "WIKI_URL",
  "info" : [
    "https://hypixel-skyblock.fandom.com/wiki/Arachne_Fragments"  
  ]
}
