{
  "internalname": "ARCHERY",
  "itemid": "minecraft:potion",
  "displayname": "§fArchery Potion",
  "clickcommand": "viewpotion",
  "damage": 7,
  "nbttag": "{CustomPotionEffects:[0:{Ambient:0b,Duration:20,Id:8b,Amplifier:0b}],HideFlags:254,display:{Lore:[0:\"\",1:\"§bArchery\",2:\"§7Increases bow damage.\",3:\"\",4:\"§f§lCOMMON\"],Name:\"§fArchery Potion\"},ExtraAttributes:{id:\"ARCHERY\"}}",
  "modver": "1.0.0",
  "lore": [
    "",
    "§bArchery",
    "§7Increases bow damage.",
    "",
    "§f§lCOMMON"
  ]
}