{
  "itemid": "minecraft:arrow",
  "displayname": "§fArrow",
  "nbttag": "{HideFlags:254,display:{Lore:[0:\"§f§lCOMMON\"],Name:\"§fArrow\"},ExtraAttributes:{id:\"ARROW\"}}",
  "damage": 0,
  "lore": [
    "§f§lCOMMON"
  ],
  "internalname": "ARROW",
  "modver": "1.3-REL",
  "vanilla": true,
  "clickcommand": "viewrecipe",
  "recipe": {
    "A1": "FLINT:1",
    "A2": "",
    "A3": "",
    "B1": "STICK:1",
    "B2": "",
    "B3": "",
    "C1": "FEATHER:1",
    "C2": "",
    "C3": ""
  },
  "infoType": "WIKI_URL",
  "info": [
      "https://hypixel-skyblock.fandom.com/wiki/Arrow"
  ]
}
