{
  "internalname": "ASPECT_OF_THE_DRAGON",
  "itemid": "minecraft:diamond_sword",
  "displayname": "§6Aspect of the Dragons",
  "clickcommand": "",
  "damage": 0,
  "nbttag": "{Unbreakable:1,HideFlags:254,display:{Lore:[0:\"§7Damage: §c+225\",1:\"§7Strength: §c+100\",2:\"\",3:\"§6Item Ability: Dragon Rage §e§lRIGHT CLICK\",4:\"§7All Monsters in front of you\",5:\"§7take §a4,330§7 damage. Hit\",6:\"§7monsters take large knockback.\",7:\"§8Mana Cost: §3100\",8:\"\",9:\"§7§8This item can be reforged!\",10:\"§6§lLEGENDARY SWORD\"],Name:\"§6Aspect of the Dragons\"},ExtraAttributes:{id:\"ASPECT_OF_THE_DRAGON\"}}",
  "modver": "1.0.0",
  "lore": [
    "§7Damage: §c+225",
    "§7Strength: §c+100",
    "",
    "§6Item Ability: Dragon Rage §e§lRIGHT CLICK",
    "§7All Monsters in front of you",
    "§7take §a4,330§7 damage. Hit",
    "§7monsters take large knockback.",
    "§8Mana Cost: §3100",
    "",
    "§7§8This item can be reforged!",
    "§6§lLEGENDARY SWORD"
  ],
  "infoType": "WIKI_URL",
  "info": [
    "https://hypixel-skyblock.fandom.com/wiki/Aspect_of_the_Dragons"
  ]
}