{
  "itemid": "minecraft:ender_pearl",
  "displayname": "§5Aspiring Leap",
  "nbttag": "{ench:[],HideFlags:254,display:{Lore:[0:\"§6Item Ability: Aspiring Leap §e§lRIGHT CLICK\",1:\"§7Allows you to teleport to co-op\",2:\"§7members on your private island!\",3:\"§8Cooldown: §a5s\",4:\"\",5:\"§5§lEPIC DUNGEON ITEM\"],Name:\"§5Aspiring Leap\"},ExtraAttributes:{id:\"ASPIRING_LEAP\"}}",
  "damage": 0,
  "lore": [
    "§6Item Ability: Aspiring Leap §e§lRIGHT CLICK",
    "§7Allows you to teleport to co-op",
    "§7members on your private island!",
    "§8Cooldown: §a5s",
    "",
    "§5§lEPIC DUNGEON ITEM"
  ],
  "internalname": "ASPIRING_LEAP",
  "crafttext": "",
  "recipe": {
    "A1": "",
    "A2": "SPIRIT_LEAP:16",
    "A3": "",
    "B1": "SPIRIT_LEAP:16",
    "B2": "SPIRIT_LEAP:16",
    "B3": "SPIRIT_LEAP:16",
    "C1": "",
    "C2": "SPIRIT_LEAP:16",
    "C3": ""
  },
  "clickcommand": "viewrecipe",
  "modver": "2.0.0-REL",
  "infoType": "WIKI_URL",
  "info": [
    "https://hypixel-skyblock.fandom.com/wiki/Aspiring_Leap"
  ]
}
