{
  "itemid": "minecraft:spawn_egg",
  "displayname": "§fMove Jerry",
  "nbttag": "{HideFlags:254,display:{Lore:[0:\"§7Place this where you would like\",1:\"§7Jerry to move to!\",2:\"\",3:\"§f§lCOMMON\"],Name:\"§fMove Jerry\"},ExtraAttributes:{id:\"ASSISTANT\"}}",
  "damage": 120,
  "lore": [
    "§7Place this where you would like",
    "§7Jerry to move to!",
    "",
    "§f§lCOMMON"
  ],
  "internalname": "ASSISTANT",
  "clickcommand": "",
  "modver": "2.0.0-REL",
  "infoType": "WIKI_URL",
  "info": [
    "https://hypixel-skyblock.fandom.com/wiki/Jerry"
  ]
}