{
  "itemid": "minecraft:skull",
  "displayname": "§f§f§6Auto Recombobulator",
  "nbttag": "{overrideMeta:1b,HideFlags:254,SkullOwner:{Id:\"10479f18-e67f-3c86-93e2-b4df79d0457e\",Properties:{textures:[0:{Value:\"eyJ0ZXh0dXJlcyI6eyJTS0lOIjp7InVybCI6Imh0dHA6Ly90ZXh0dXJlcy5taW5lY3JhZnQubmV0L3RleHR1cmUvNWRmZjhkYmJhYjE1YmZiYjExZTIzYjFmNTBiMzRlZjU0OGFkOTgzMmMwYmQ3ZjVhMTM3OTFhZGFkMDA1N2UxYiJ9fX0K\"}]}},display:{Lore:[0:\"§7Grants a §a1% §7chance to\",1:\"§7automatically recombobulate\",2:\"§7drops you get from enemies.\",3:\"\",4:\"§7§8This item can be reforged!\",5:\"§6§lLEGENDARY DUNGEON ACCESSORY\"],Name:\"§f§f§6Auto Recombobulator\"},ExtraAttributes:{id:\"AUTO_RECOMBOBULATOR\"},AttributeModifiers:[]}",
  "damage": 3,
  "lore": [
    "§7Grants a §a1% §7chance to",
    "§7automatically recombobulate",
    "§7drops you get from enemies.",
    "",
    "§7§8This item can be reforged!",
    "§6§lLEGENDARY DUNGEON ACCESSORY"
  ],
  "internalname": "AUTO_RECOMBOBULATOR",
  "crafttext": "",
  "clickcommand": "",
  "modver": "1.6-REL",
  "infoType": "WIKI_URL",
  "info": [
    "https://hypixel-skyblock.fandom.com/wiki/Auto_Recombobulator"
  ]
}