{
  "itemid": "minecraft:enchanted_book",
  "displayname": "§9Enchanted Book",
  "nbttag": "{ench:[],HideFlags:254,display:{Lore:[0:\"§9Bane of Arthropods VI\",1:\"§7Increases damage dealt to\",2:\"§7§7Silverfish§7, §7Spiders§7, and\",3:\"§7§7Cave Spiders§7 by §a48%§7.\",4:\"\",5:\"§7Use this on an item in an Anvil\",6:\"§7to apply it!\",7:\"\",8:\"§6Source:\",9:\"§aVI: §7Slayer, Experiments\",10:\"\",11:\"§6Applied To:\",12:\"§7- §fSword\",13:\"§7- §fFishing Weapon\",14:\"\",15:\"§6Conflicts:\",16:\"§7- §cSmite\",17:\"§7- §cSharpness\",18:\"\",19:\"§9§lRARE\"],Name:\"§9Enchanted Book\"},ExtraAttributes:{id:\"BANE_OF_ARTHROPODS;6\",enchantments:{bane_of_arthropods:6}}}",
  "damage": 0,
  "lore": [
    "§9Bane of Arthropods VI",
    "§7Increases damage dealt to",
    "§7§7Silverfish§7, §7Spiders§7, and",
    "§7§7Cave Spiders§7 by §a48%§7.",
    "",
    "§7Use this on an item in an Anvil",
    "§7to apply it!",
    "",
    "§6Source:",
    "§aVI: §7Slayer, Experiments",
    "",
    "§6Applied To:",
    "§7- §fSword",
    "§7- §fFishing Weapon",
    "",
    "§6Conflicts:",
    "§7- §cSmite",
    "§7- §cSharpness",
    "",
    "§9§lRARE"
  ],
  "internalname": "BANE_OF_ARTHROPODS;6",
  "parent": "BANE_OF_ARTHROPODS;4",
  "modver": "2.0.0-REL",
  "crafttext": "",
  "clickcommand": "",
  "infoType": ""
}