{
  "itemid": "minecraft:enchanted_book",
  "displayname": "§aEnchanted Book",
  "nbttag": "{ench:[],HideFlags:254,display:{Lore:[0:\"§aBane of Arthropods V\",1:\"§7Increases damage dealt to\",2:\"§7§7Silverfish§7, §7Spiders§7, and\",3:\"§7§7Cave Spiders§7 by §a40%§7.\",4:\"\",5:\"§7Use this on an item in an Anvil\",6:\"§7to apply it!\",7:\"\",8:\"§6Source:\",9:\"§aI-V: §7Enchantment Table,\",10:\"§7Spider Eye Collection\",11:\"\",12:\"§6Applied To:\",13:\"§7- §fSword\",14:\"§7- §fFishing Weapon\",15:\"\",16:\"§6Conflicts:\",17:\"§7- §cSmite\",18:\"§7- §cSharpness\",19:\"\",20:\"§a§lUNCOMMON\"],Name:\"§aEnchanted Book\"},ExtraAttributes:{id:\"BANE_OF_ARTHROPODS;5\",enchantments:{bane_of_arthropods:5}}}",
  "damage": 0,
  "lore": [
    "§aBane of Arthropods V",
    "§7Increases damage dealt to",
    "§7§7Silverfish§7, §7Spiders§7, and",
    "§7§7Cave Spiders§7 by §a40%§7.",
    "",
    "§7Use this on an item in an Anvil",
    "§7to apply it!",
    "",
    "§6Source:",
    "§aI-V: §7Enchantment Table,",
    "§7Spider Eye Collection",
    "",
    "§6Applied To:",
    "§7- §fSword",
    "§7- §fFishing Weapon",
    "",
    "§6Conflicts:",
    "§7- §cSmite",
    "§7- §cSharpness",
    "",
    "§a§lUNCOMMON"
  ],
  "internalname": "BANE_OF_ARTHROPODS;5",
  "parent": "BANE_OF_ARTHROPODS;4",
  "modver": "2.0.0-REL",
  "crafttext": "",
  "clickcommand": "",
  "infoType": ""
}