{
  "itemid": "minecraft:banner",
  "displayname": "§fBlack Banner",
  "nbttag": "{HideFlags:254,display:{Lore:[0:\"§f§lCOMMON\"],Name:\"§fBlack Banner\"},ExtraAttributes:{id:\"BANNER\"}}",
  "damage": 0,
  "lore": [
    "§f§lCOMMON"
  ],
  "internalname": "BANNER",
  "modver": "1.3-REL",
  "vanilla": true,
  "clickcommand": "viewrecipe",
  "recipe": {
    "A1": "WOOL-15:1",
    "A2": "WOOL-15:1",
    "A3": "WOOL-15:1",
    "B1": "WOOL-15:1",
    "B2": "WOOL-15:1",
    "B3": "WOOL-15:1",
    "C1": "",
    "C2": "STICK:1",
    "C3": ""
  }
}