{
  "itemid": "minecraft:banner",
  "displayname": "§fBlue Banner",
  "nbttag": "{HideFlags:254,display:{Lore:[0:\"§f§lCOMMON\"],Name:\"§fBlue Banner\"},ExtraAttributes:{id:\"BANNER\"}}",
  "damage": 4,
  "lore": [
    "§f§lCOMMON"
  ],
  "internalname": "BANNER-4",
  "parent": "BANNER",
  "modver": "1.3-REL",
  "vanilla": true,
  "clickcommand": "viewrecipe",
  "recipe": {
    "A1": "WOOL-11:1",
    "A2": "WOOL-11:1",
    "A3": "WOOL-11:1",
    "B1": "WOOL-11:1",
    "B2": "WOOL-11:1",
    "B3": "WOOL-11:1",
    "C1": "",
    "C2": "STICK:1",
    "C3": ""
  },
  "infoType": "WIKI_URL",
  "info": [
      "https://hypixel-skyblock.fandom.com/wiki/Banner"
  ]
}
