{
  "itemid": "minecraft:skull",
  "displayname": "§fBase Griffin Upgrade Stone",
  "nbttag": "{HideFlags:254,SkullOwner:{Id:\"b10bdcbb-28c8-3d44-a679-66f226e32f30\",Properties:{textures:[0:{Value:\"eyJ0ZXh0dXJlcyI6eyJTS0lOIjp7InVybCI6Imh0dHA6Ly90ZXh0dXJlcy5taW5lY3JhZnQubmV0L3RleHR1cmUvOGUxMzk1MjAyNWEyMzI0YTY2NmY3ZWRmNjUzNTgzMjVhYzYzYmFhMzc5OTAyZTM5MGZjMjcyMDE0NjMxOTNlNyJ9fX0\u003d\"}]}},display:{Lore:[0:\"§7Base component to upgrade your\",1:\"§7Griffin\u0027s rarity.\",2:\"\",3:\"§eRight-click to view recipes!\",4:\"\",5:\"§f§lCOMMON\"],Name:\"§fBase Griffin Upgrade Stone\"},ExtraAttributes:{id:\"BASE_GRIFFIN_UPGRADE_STONE\"}}",
  "damage": 3,
  "lore": [
    "§7Base component to upgrade your",
    "§7Griffin\u0027s rarity.",
    "",
    "§eRight-click to view recipes!",
    "",
    "§f§lCOMMON"
  ],
  "recipe": {
    "A1": "GRIFFIN_FEATHER:2",
    "A2": "ENCHANTED_GOLD:4",
    "A3": "GRIFFIN_FEATHER:2",
    "B1": "ENCHANTED_GOLD:4",
    "B2": "ENCHANTED_COBBLESTONE:8",
    "B3": "ENCHANTED_GOLD:4",
    "C1": "GRIFFIN_FEATHER:2",
    "C2": "ENCHANTED_GOLD:4",
    "C3": "GRIFFIN_FEATHER:2"
  },
  "internalname": "BASE_GRIFFIN_UPGRADE_STONE",
  "crafttext": "",
  "clickcommand": "viewrecipe",
  "modver": "2.0.0-REL",
  "infoType": "WIKI_URL",
  "info": [
    "https://hypixel-skyblock.fandom.com/wiki/Griffin_Upgrade_Stone"
  ]
}