{
  "internalname": "BAT;1",
  "itemid": "minecraft:skull",
  "displayname": "§f§f§7[Lvl {LVL}] §aBat",
  "clickcommand": "viewrecipe",
  "damage": 3,
  "nbttag": "{overrideMeta:1b,HideFlags:254,SkullOwner:{Id:\"1911c3bb-c0af-3474-98e2-486478c5b9ea\",Properties:{textures:[0:{Value:\"eyJ0ZXh0dXJlcyI6eyJTS0lOIjp7InVybCI6Imh0dHA6Ly90ZXh0dXJlcy5taW5lY3JhZnQubmV0L3RleHR1cmUvMzgyZmMzZjcxYjQxNzY5Mzc2YTllOTJmZTNhZGJhYWMzNzcyYjk5OWIyMTljOWQ2YjQ2ODBiYTk5ODNlNTI3In19fQ\u003d\u003d\"}]}},display:{Lore:[0:\"§8Mining Pet\",1:\"\",2:\"§7Intelligence: §a{INTELLIGENCE}\",3:\"§7Speed: §a{SPEED}\",4:\"\",5:\"§6Candy Lover\",6:\"§7§7Increases the chance for mobs\",7:\"§7to drop Candy by §a{0}%\",8:\"\",9:\"§7§eRight-click to add this pet to\",10:\"§eyour pet menu!\",11:\"\",12:\"§a§lUNCOMMON\"],Name:\"§f§f§7[Lvl {LVL}] §aBat\"},ExtraAttributes:{petInfo:\"{\\\"type\\\":\\\"BAT\\\",\\\"active\\\":false,\\\"tier\\\":\\\"UNCOMMON\\\",\\\"hideInfo\\\":false}\",id:\"BAT;1\"},AttributeModifiers:[]}",
  "modver": "2.0.0-REL",
  "lore": [
    "§8Mining Pet",
    "",
    "§7Intelligence: §a{INTELLIGENCE}",
    "§7Speed: §a{SPEED}",
    "",
    "§6Candy Lover",
    "§7§7Increases the chance for mobs",
    "§7to drop Candy by §a{0}%",
    "",
    "§7§eRight-click to add this pet to",
    "§eyour pet menu!",
    "",
    "§a§lUNCOMMON"
  ],
  "recipe": {
    "A1": "ENCHANTED_BROWN_MUSHROOM:8",
    "A2": "ENCHANTED_BROWN_MUSHROOM:8",
    "A3": "ENCHANTED_BROWN_MUSHROOM:8",
    "B1": "ENCHANTED_BROWN_MUSHROOM:8",
    "B2": "ENCHANTED_EGG:1",
    "B3": "ENCHANTED_BROWN_MUSHROOM:8",
    "C1": "ENCHANTED_BROWN_MUSHROOM:8",
    "C2": "ENCHANTED_BROWN_MUSHROOM:8",
    "C3": "ENCHANTED_BROWN_MUSHROOM:8"
  },
  "crafttext": "33% chance",
  "useneucraft": true,
  "infoType": "WIKI_URL",
  "info": [
    "https://hypixel-skyblock.fandom.com/wiki/Bat_Pet"
  ]
}