{
  "itemid": "minecraft:skull",
  "displayname": "§aBat Piñata (Monster)",
  "nbttag": "{SkullOwner:{Id:\"62e67882-f5a4-411b-816f-2f704b3feb51\",Properties:{textures:[0:{Value:\"eyJ0ZXh0dXJlcyI6eyJTS0lOIjp7InVybCI6Imh0dHA6Ly90ZXh0dXJlcy5taW5lY3JhZnQubmV0L3RleHR1cmUvZjc2NjE5NjUyZmFmZWM5MGNlOThkZjUwMTNjNjNkYzZhNzc3NzZhYjI3ODczYjczZGFmYjJiNmJkZWIxODUifX19\u003d\"}]}},display:{Lore:[0:\"§7The Bat Piñata is a bat that only appears during\",1:\"§7the Spooky Festival.\",2:\"\",3:\"§c❤ Health§8: §c5\",4:\"\",5:\"§6§lPossible Drops:\",6:\"§aGreen Candy\",7:\"§cBat the Fish §7(Very Rare)\"],Name:\"§aBat Piñata (Monster)\"},ExtraAttributes:{id:\"BAT_PINATA_MONSTER\"}}",
  "damage": 3,
  "lore": [
    "§7The Bat Piñata is a bat that only appears during",
    "§7the Spooky Festival.",
    "",
    "§c❤ Health§8: §c5",
    "",
    "§6§lPossible Drops:",
    "§aGreen Candy",
    "§cBat the Fish §7(Very Rare)"
  ],
  "internalname": "BAT_PINATA_MONSTER",
  "clickcommand": "",
  "modver": "2.0.0-REL",
  "infoType": "WIKI_URL",
  "info": [
    "https://hypixel-skyblock.fandom.com/wiki/Bat"
  ],
  "crafttext": ""
}