{
  "itemid": "minecraft:skull",
  "displayname": "§aBat (Monster)",
  "nbttag": "{SkullOwner:{Id:\"62e67882-f5a4-411b-816f-2f704b3feb51\",Properties:{textures:[0:{Value:\"eyJ0ZXh0dXJlcyI6eyJTS0lOIjp7InVybCI6Imh0dHA6Ly90ZXh0dXJlcy5taW5lY3JhZnQubmV0L3RleHR1cmUvZjc2NjE5NjUyZmFmZWM5MGNlOThkZjUwMTNjNjNkYzZhNzc3NzZhYjI3ODczYjczZGFmYjJiNmJkZWIxODUifX19\u003d\"}]}},display:{Lore:[0:\"§7The Bat is a mob that can be only be found\",1:\"§7and can only spawn on the Roofed Forest \",2:\"§7Island with an Roofed Forest Crystal on it.\"],Name:\"§aBat (Monster)\"},ExtraAttributes:{id:\"BAT_MONSTER\"}}",
  "damage": 3,
  "lore": [
    "§7The Bat is a mob that can be only be found",
    "§7and can only spawn on the Roofed Forest ",
    "§7Island with an Roofed Forest Crystal on it."
  ],
  "internalname": "BAT_MONSTER",
  "clickcommand": "",
  "modver": "2.0.0-REL",
  "infoType": "WIKI_URL",
  "info": [
    "https://hypixel-skyblock.fandom.com/wiki/Bat"
  ],
  "crafttext": ""
}