{
  "internalname": "BAT_ARTIFACT",
  "itemid": "minecraft:skull",
  "displayname": "§6Bat Artifact",
  "clickcommand": "",
  "damage": 3,
  "nbttag": "{HideFlags:254,SkullOwner:{Id:\"1911c3bb-c0af-3474-98e2-486478c5b9ea\",Properties:{textures:[0:{Value:\"eyJ0ZXh0dXJlcyI6eyJTS0lOIjp7InVybCI6Imh0dHA6Ly90ZXh0dXJlcy5taW5lY3JhZnQubmV0L3RleHR1cmUvMzgyZmMzZjcxYjQxNzY5Mzc2YTllOTJmZTNhZGJhYWMzNzcyYjk5OWIyMTljOWQ2YjQ2ODBiYTk5ODNlNTI3In19fQ==\"}]}},display:{Lore:[0:\"§7Health: §a+5 HP\",1:\"§7Speed: §a+3\",2:\"§7Intelligence: §a+3\",3:\"\",4:\"§7§8This item can be reforged!\",5:\"§6§lLEGENDARY ACCESSORY\"],Name:\"§6Bat Artifact\"},ExtraAttributes:{id:\"BAT_ARTIFACT\"}}",
  "modver": "1.0.0",
  "lore": [
    "§7Health: §a+5 HP",
    "§7Speed: §a+3",
    "§7Intelligence: §a+3",
    "",
    "§7§8This item can be reforged!",
    "§6§lLEGENDARY ACCESSORY"
  ],
  "infoType": "WIKI_URL",
  "info": [
    "https://hypixel-skyblock.fandom.com/wiki/Bat_Artifact"
  ]
}