{
  "internalname": "BATTLE_DISC",
  "itemid": "minecraft:record_13",
  "displayname": "§9Battle Disc",
  "clickcommand": "",
  "damage": 0,
  "nbttag": "{HideFlags:254,display:{Lore:[0:\"§7Place this inside a jukebox to\",1:\"§7play a battle song!\",2:\"\",3:\"§6Blast in Banter Battle\",4:\"  §7By ShinkoNet\",5:\"\",6:\"§9§lRARE\"],Name:\"§9Battle Disc\"},ExtraAttributes:{id:\"BATTLE_DISC\"}}",
  "modver": "1.0.0",
  "lore": [
    "§7Place this inside a jukebox to",
    "§7play a battle song!",
    "",
    "§6Blast in Banter Battle",
    "  §7By ShinkoNet",
    "",
    "§9§lRARE"
  ],
  "infoType": "WIKI_URL",
  "info": [
    "https://hypixel-skyblock.fandom.com/wiki/Battle_Disc"
  ]
}