{
  "internalname": "BBQ",
  "itemid": "minecraft:skull",
  "displayname": "§9BBQ Grill",
  "clickcommand": "",
  "damage": 3,
  "nbttag": "{HideFlags:254,SkullOwner:{Id:\"32df9ad1-3bca-3d15-964f-8fedabe78550\",Properties:{textures:[0:{Value:\"eyJ0ZXh0dXJlcyI6eyJTS0lOIjp7InVybCI6Imh0dHA6Ly90ZXh0dXJlcy5taW5lY3JhZnQubmV0L3RleHR1cmUvMzE4ZTM1ZWM0YjRiNGMxNTkxYzUxNzczODZkZTE4Nzk3NDU0Mjk4Yjc0NTU5ODJlM2FlODNiYWNjZWQwZjFhMiJ9fX0\u003d\"}]}},display:{Lore:[0:\"§8Furniture\",1:\"§8Summer Cosmetic\",2:\"\",3:\"§7This exclusive Summer cosmetic\",4:\"§7can be placed on your island or\",5:\"§7traded.\",6:\"\",7:\"§9§lRARE\"],Name:\"§9BBQ Grill\"},ExtraAttributes:{id:\"BBQ\"}}",
  "modver": "2.0.0-REL",
  "lore": [
    "§8Furniture",
    "§8Summer Cosmetic",
    "",
    "§7This exclusive Summer cosmetic",
    "§7can be placed on your island or",
    "§7traded.",
    "",
    "§9§lRARE"
  ],
  "crafttext": "",
  "infoType": "WIKI_URL",
  "info": [
    "https://hypixel-skyblock.fandom.com/wiki/Furniture"
  ]
}