{
  "itemid": "minecraft:beacon",
  "displayname": "§9Beacon I",
  "nbttag": "{ench:[],HideFlags:254,display:{Lore:[0:\"§7Tier: §bI\",1:\"\",2:\"§7Can be placed on your private island.\",3:\"\",4:\"§7Grants special buffs to the\",5:\"§7island owners when powered by\",6:\"§7§dPower Crystals §7obtained from\",7:\"§7the forge in the §2Dwarven\",8:\"§2Mines§7\",9:\"\",10:\"§9§lRARE\"],Name:\"§9Beacon I\"},ExtraAttributes:{id:\"BEACON_1\"}}",
  "damage": 0,
  "lore": [
    "§7Tier: §bI",
    "",
    "§7Can be placed on your private island.",
    "",
    "§7Grants special buffs to the",
    "§7island owners when powered by",
    "§7§dPower Crystals §7obtained from",
    "§7the forge in the §2Dwarven",
    "§2Mines§7",
    "",
    "§9§lRARE"
  ],
  "recipe": {
    "A1": "GLASS:1",
    "A2": "GLASS:1",
    "A3": "GLASS:1",
    "B1": "GLASS:1",
    "B2": "STARFALL:64",
    "B3": "GLASS:1",
    "C1": "ENCHANTED_MITHRIL:64",
    "C2": "ENCHANTED_MITHRIL:64",
    "C3": "ENCHANTED_MITHRIL:64"
  },
  "internalname": "BEACON_1",
  "clickcommand": "viewrecipe",
  "modver": "1.7.1-REL",
  "crafttext": "Requires: Mithril IX",
  "infoType": "WIKI_URL",
  "info": [
    "https://hypixel-skyblock.fandom.com/wiki/Beacon"
  ]
}