{
  "itemid": "minecraft:beacon",
  "displayname": "§9Beacon II",
  "nbttag": "{ench:[],overrideMeta:1b,HideFlags:254,display:{Lore:[0:\"§7Tier: §bII\",1:\"\",2:\"§7Can be placed on your private island.\",3:\"\",4:\"§7Grants special buffs to the\",5:\"§7island owners when powered by\",6:\"§7§dPower Crystals §7obtained from\",7:\"§7the forge in the §2Dwarven\",8:\"§2Mines§7\",9:\"\",10:\"§4❣ §cRequires §5Heart of the\",11:\"§5Mountain Tier 2\",12:\"§9§lRARE\",13:\"\",14:\"§eItems Required\",15:\"§9Beacon I §7x1\",16:\"§5Refined Mithril §7x5\",17:\"\",18:\"§7Duration: §b20h\"],Name:\"§9Beacon II\"},ExtraAttributes:{id:\"BEACON_2\"},AttributeModifiers:[]}",
  "damage": 0,
  "lore": [
    "§7Tier: §bII",
    "",
    "§7Can be placed on your private island.",
    "",
    "§7Grants special buffs to the",
    "§7island owners when powered by",
    "§7§dPower Crystals §7obtained from",
    "§7the forge in the §2Dwarven",
    "§2Mines§7",
    "",
    "§4❣ §cRequires §5Heart of the",
    "§5Mountain Tier 2",
    "§9§lRARE",
    "",
    "§eItems Required",
    "§9Beacon I §7x1",
    "§5Refined Mithril §7x5",
    "",
    "§7Duration: §b20h"
  ],
  "internalname": "BEACON_2",
  "crafttext": "",
  "clickcommand": "",
  "modver": "2.0.0-REL",
  "infoType": "WIKI_URL",
  "info": [
    "https://hypixel-skyblock.fandom.com/wiki/Beacon"
  ]
}