{
  "itemid": "minecraft:beacon",
  "displayname": "§fBeacon Block",
  "nbttag": "{HideFlags:254,display:{Lore:[0:\"§7A cool cosmetic imitation of the real thing!\",1:\"\",2:\"§f§lCOMMON\"],Name:\"§fBeacon Block\"},ExtraAttributes:{id:\"BEACON\"}}",
  "damage": 0,
  "lore": [
    "§7A cool cosmetic imitation of the real thing!",
    "",
    "§f§lCOMMON"
  ],
  "internalname": "BEACON",
  "crafttext": "",
  "clickcommand": "",
  "modver": "2.0.0-REL",
  "infoType": "WIKI_URL",
  "info": [
    "https://hypixel-skyblock.fandom.com/wiki/Beacon_Block"
  ]
}