{
  "itemid": "minecraft:beacon",
  "displayname": "§5Beacon IV",
  "nbttag": "{ench:[],overrideMeta:1b,HideFlags:254,display:{Lore:[0:\"§7Tier: §bIV\",1:\"\",2:\"§7Can be placed on your private island.\",3:\"\",4:\"§7Grants special buffs to the\",5:\"§7island owners when powered by\",6:\"§7§dPower Crystals §7obtained from\",7:\"§7the forge in the §2Dwarven\",8:\"§2Mines§7\",9:\"\",10:\"§4❣ §cRequires §5Heart of the\",11:\"§5Mountain Tier 4\",12:\"§5§lEPIC\",13:\"\",14:\"§eItems Required\",15:\"§5Beacon III §7x1\",16:\"§5Refined Mithril §7x20\",17:\"§9Plasma §7x1\",18:\"\",19:\"§7Duration: §b1d 16h\"],Name:\"§5Beacon IV\"},ExtraAttributes:{id:\"BEACON_4\"},AttributeModifiers:[]}",
  "damage": 0,
  "lore": [
    "§7Tier: §bIV",
    "",
    "§7Can be placed on your private island.",
    "",
    "§7Grants special buffs to the",
    "§7island owners when powered by",
    "§7§dPower Crystals §7obtained from",
    "§7the forge in the §2Dwarven",
    "§2Mines§7",
    "",
    "§4❣ §cRequires §5Heart of the",
    "§5Mountain Tier 4",
    "§5§lEPIC",
    "",
    "§eItems Required",
    "§5Beacon III §7x1",
    "§5Refined Mithril §7x20",
    "§9Plasma §7x1",
    "",
    "§7Duration: §b1d 16h"
  ],
  "internalname": "BEACON_4",
  "crafttext": "",
  "clickcommand": "",
  "modver": "2.0.0-REL",
  "infoType": "WIKI_URL",
  "info": [
    "https://hypixel-skyblock.fandom.com/wiki/Beacon"
  ]
}