{
  "itemid": "minecraft:skull",
  "displayname": "§aBeastmaster Crest",
  "nbttag": "{HideFlags:254,SkullOwner:{Id:\"367cd0f2-adc7-3bc1-af47-a14feebe3e5f\",Properties:{textures:[0:{Value:\"eyJ0ZXh0dXJlcyI6eyJTS0lOIjp7InVybCI6Imh0dHA6Ly90ZXh0dXJlcy5taW5lY3JhZnQubmV0L3RleHR1cmUvNTM0MTU2NjdkZTNmYjg5YzVmNDBjODgwYzM5ZTQ5NzFhMGNhYTdmM2E5ZDJjOGY3MTJiYTM3ZmFkY2VlIn19fQ\u003d\u003d\"}]}},display:{Lore:[0:\"§7Intelligence: §a+0.1\",1:\"\",2:\"§7Pet Exp Boost: §a+0.2%\",3:\"\",4:\"§7Gains stats based on how many\",5:\"§7mythological creatures and Minos\",6:\"§7followers you\u0027ve slain.\",7:\"\",8:\"§7Your kills: §20§8/25\",9:\"\",10:\"§7§8This item can be reforged!\",11:\"§a§lUNCOMMON ACCESSORY\"],Name:\"§aBeastmaster Crest\"},ExtraAttributes:{id:\"BEASTMASTER_CREST_UNCOMMON\"}}",
  "damage": 3,
  "lore": [
    "§7Intelligence: §a+0.1",
    "",
    "§7Pet Exp Boost: §a+0.2%",
    "",
    "§7Gains stats based on how many",
    "§7mythological creatures and Minos",
    "§7followers you\u0027ve slain.",
    "",
    "§7Your kills: §20§8/25",
    "",
    "§7§8This item can be reforged!",
    "§a§lUNCOMMON ACCESSORY"
  ],
  "recipe": {
    "A1": "GRIFFIN_FEATHER:2",
    "A2": "ANCIENT_CLAW:20",
    "A3": "GRIFFIN_FEATHER:2",
    "B1": "ANCIENT_CLAW:20",
    "B2": "BEASTMASTER_CREST_COMMON:1",
    "B3": "ANCIENT_CLAW:20",
    "C1": "GRIFFIN_FEATHER:2",
    "C2": "ANCIENT_CLAW:20",
    "C3": "GRIFFIN_FEATHER:2"
  },
  "internalname": "BEASTMASTER_CREST_UNCOMMON",
  "crafttext": "",
  "clickcommand": "viewrecipe",
  "modver": "2.0.0-REL",
  "infoType": "WIKI_URL",
  "info": [
    "https://hypixel-skyblock.fandom.com/wiki/Beastmaster_Crest"
  ]
}