{
  "internalname": "BEATING_HEART",
  "itemid": "minecraft:skull",
  "displayname": "§9Beating Heart",
  "clickcommand": "",
  "damage": 3,
  "nbttag": "{HideFlags:254,SkullOwner:{Id:\"fa6441c8-e2df-3e28-8365-08cb38364943\",Properties:{textures:[0:{Value:\"eyJ0ZXh0dXJlcyI6eyJTS0lOIjp7InVybCI6Imh0dHA6Ly90ZXh0dXJlcy5taW5lY3JhZnQubmV0L3RleHR1cmUvYTMzODM0N2M4YTg0NTY2MDJmM2JkOWFlNzhhZDM4M2E3ZGU2YjU2OWJiNjBiY2Y3ZjdiNDM0NWYwZWY2NDA0NSJ9fX0K\"}]}},display:{Lore:[0:\"§8Reforge Stone\",1:\"\",2:\"§7Can be used in a Reforge Anvil\",3:\"§7or with the Dungeon Blacksmith\",4:\"§7to apply the §9Bloody §7reforge\",5:\"§7to accessories.\",6:\"\",7:\"§7Requires §aMining Skill Level\",8:\"§aXVIII§7!\",9:\"\",10:\"§9§lRARE REFORGE STONE\"],Name:\"§9Beating Heart\"},ExtraAttributes:{id:\"BEATING_HEART\"}}",
  "modver": "2.0.0-REL",
  "lore": [
    "§8Reforge Stone",
    "",
    "§7Can be used in a Reforge Anvil",
    "§7or with the Dungeon Blacksmith",
    "§7to apply the §9Bloody §7reforge",
    "§7to accessories.",
    "",
    "§7Requires §aMining Skill Level",
    "§aXVIII§7!",
    "",
    "§9§lRARE REFORGE STONE"
  ],
  "crafttext": "",
  "infoType": "WIKI_URL",
  "info": [
    "https://hypixel-skyblock.fandom.com/wiki/Beating_Heart"
  ]
}