{
  "itemid": "minecraft:bed",
  "displayname": "§fBed",
  "nbttag": "{HideFlags:254,display:{Lore:[0:\"§f§lCOMMON\"],Name:\"§fBed\"},ExtraAttributes:{id:\"BED\"}}",
  "damage": 0,
  "lore": [
    "§f§lCOMMON"
  ],
  "internalname": "BED",
  "modver": "1.3-REL",
  "vanilla": true,
  "clickcommand": "viewrecipe",
  "recipe": {
    "A1": "WOOL:1",
    "A2": "WOOL:1",
    "A3": "WOOL:1",
    "B1": "WOOD:1",
    "B2": "WOOD:1",
    "B3": "WOOD:1",
    "C1": "",
    "C2": "",
    "C3": ""
  }
}