{
  "itemid": "minecraft:skull",
  "displayname": "§f§f§7[Lvl {LVL}] §fBee",
  "nbttag": "{overrideMeta:1b,HideFlags:254,SkullOwner:{Id:\"af894c68-45d0-3ae2-952c-b3cf925199ad\",Properties:{textures:[0:{Value:\"eyJ0ZXh0dXJlcyI6eyJTS0lOIjp7InVybCI6Imh0dHA6Ly90ZXh0dXJlcy5taW5lY3JhZnQubmV0L3RleHR1cmUvN2U5NDE5ODdlODI1YTI0ZWE3YmFhZmFiOTgxOTM0NGI2YzI0N2M3NWM1NGE2OTE5ODdjZDI5NmJjMTYzYzI2MyJ9fX0\u003d\"}]}},display:{Lore:[0:\"§8Farming Pet\",1:\"\",2:\"§7Intelligence: §a{INTELLIGENCE}\",3:\"§7Strength: §a{STRENGTH}\",4:\"§7Speed: §a{SPEED}\",5:\"\",6:\"§6Hive\",7:\"§7§7Gain §b+{0}✎ Intelligence §7and\",8:\"§7§c+{1}❁ Strength §7for each nearby\",9:\"§7bee.\",10:\"§8Max 15 bees\",11:\"\",12:\"§7§eRight-click to add this pet to\",13:\"§eyour pet menu!\",14:\"\",15:\"§f§lCOMMON\"],Name:\"§f§f§7[Lvl {LVL}] §fBee\"},ExtraAttributes:{petInfo:\"{\\\"type\\\":\\\"BEE\\\",\\\"active\\\":false,\\\"exp\\\":0.0,\\\"tier\\\":\\\"COMMON\\\",\\\"hideInfo\\\":false,\\\"candyUsed\\\":0}\",id:\"BEE;0\"},AttributeModifiers:[]}",
  "damage": 3,
  "lore": [
    "§8Farming Pet",
    "",
    "§7Intelligence: §a{INTELLIGENCE}",
    "§7Strength: §a{STRENGTH}",
    "§7Speed: §a{SPEED}",
    "",
    "§6Hive",
    "§7§7Gain §b+{0}✎ Intelligence §7and",
    "§7§c+{1}❁ Strength §7for each nearby",
    "§7bee.",
    "§8Max 15 bees",
    "",
    "§7§eRight-click to add this pet to",
    "§eyour pet menu!",
    "",
    "§f§lCOMMON"
  ],
  "internalname": "BEE;0",
  "crafttext": "",
  "clickcommand": "",
  "modver": "1.5-REL",
  "infoType": "WIKI_URL",
  "info": [
    "https://hypixel-skyblock.fandom.com/wiki/Bee_Pet"
  ]
}