{
  "itemid": "minecraft:enchanted_book",
  "displayname": "§f§f§aEnchanted Book",
  "nbttag": "{ench:[],HideFlags:254,display:{Lore:[0:\"§9Big Brain V\",1:\"§7Grants §b+25✎ Intelligence§7.\",2:\"\",3:\"§7Use this on an item in an Anvil\",4:\"§7to apply it!\",5:\"\",6:\"§6Source:\",7:\"§aIII-V: §7Dark Auction.\",8:\"\",9:\"§6Applied To:\",10:\"§7- §fHelmet\",11:\"\",12:\"§a§lUNCOMMON\"],Name:\"§f§f§aEnchanted Book\"},ExtraAttributes:{id:\"BIG_BRAIN;5\",enchantments:{big_brain:5}}}",
  "damage": 0,
  "lore": [
    "§9Big Brain V",
    "§7Grants §b+25✎ Intelligence§7.",
    "",
    "§7Use this on an item in an Anvil",
    "§7to apply it!",
    "",
    "§6Source:",
    "§aIII-V: §7Dark Auction.",
    "",
    "§6Applied To:",
    "§7- §fHelmet",
    "",
    "§a§lUNCOMMON"
  ],
  "internalname": "BIG_BRAIN;5",
  "parent": "BIG_BRAIN;3",
  "modver": "2.0.0-REL",
  "crafttext": "",
  "clickcommand": "",
  "infoType": ""
}