{
  "itemid": "minecraft:birch_stairs",
  "displayname": "§fBirch Wood Stairs",
  "nbttag": "{HideFlags:254,display:{Lore:[0:\"§f§lCOMMON\"],Name:\"§fBirch Wood Stairs\"},ExtraAttributes:{id:\"BIRCH_WOOD_STAIRS\"}}",
  "damage": 0,
  "lore": [
    "§f§lCOMMON"
  ],
  "internalname": "BIRCH_WOOD_STAIRS",
  "modver": "1.3-REL",
  "vanilla": true,
  "clickcommand": "viewrecipe",
  "recipe": {
    "A1": "WOOD-2:1",
    "A2": "",
    "A3": "",
    "B1": "WOOD-2:1",
    "B2": "WOOD-2:1",
    "B3": "",
    "C1": "WOOD-2:1",
    "C2": "WOOD-2:1",
    "C3": "WOOD-2:1"
  }
}