{
  "itemid": "minecraft:skull",
  "displayname": "§f§f§7[Lvl {LVL}] §6Black Cat",
  "nbttag": "{overrideMeta:1b,HideFlags:254,SkullOwner:{Id:\"1dc2c096-de81-31d7-8bba-4f6b10c0c84e\",Properties:{textures:[0:{Value:\"eyJ0ZXh0dXJlcyI6eyJTS0lOIjp7InVybCI6Imh0dHA6Ly90ZXh0dXJlcy5taW5lY3JhZnQubmV0L3RleHR1cmUvZTRiNDVjYmFhMTlmZTNkNjhjODU2Y2QzODQ2YzAzYjVmNTlkZTgxYTQ4MGVlYzkyMWFiNGZhM2NkODEzMTcifX19\"}]}},display:{Lore:[0:\"§8Combat Pet\",1:\"\",2:\"§7Intelligence: §a{INTELLIGENCE}\",3:\"§7Speed: §a{SPEED}\",4:\"\",5:\"§6Hunter\",6:\"§7§7Increases your speed and speed\",7:\"§7cap by +§a{0}\",8:\"\",9:\"§6Omen\",10:\"§7§7Grants §a{1} §7§d♣ Pet Luck\",11:\"\",12:\"§6Supernatural\",13:\"§7§7Grants §a{2} §7§b✯ Magic Find\",14:\"\",15:\"§7§eRight-click to add this pet to\",16:\"§eyour pet menu!\",17:\"\",18:\"§6§lLEGENDARY\"],Name:\"§f§f§7[Lvl {LVL}] §6Black Cat\"},ExtraAttributes:{petInfo:\"{\\\"type\\\":\\\"BLACK_CAT\\\",\\\"active\\\":false,\\\"exp\\\":0.0,\\\"tier\\\":\\\"LEGENDARY\\\",\\\"hideInfo\\\":false,\\\"candyUsed\\\":0}\",id:\"BLACK_CAT;4\"},AttributeModifiers:[]}",
  "damage": 3,
  "lore": [
    "§8Combat Pet",
    "",
    "§7Intelligence: §a{INTELLIGENCE}",
    "§7Speed: §a{SPEED}",
    "",
    "§6Hunter",
    "§7§7Increases your speed and speed",
    "§7cap by +§a{0}",
    "",
    "§6Omen",
    "§7§7Grants §a{1} §7§d♣ Pet Luck",
    "",
    "§6Supernatural",
    "§7§7Grants §a{2} §7§b✯ Magic Find",
    "",
    "§7§eRight-click to add this pet to",
    "§eyour pet menu!",
    "",
    "§6§lLEGENDARY"
  ],
  "internalname": "BLACK_CAT;4",
  "clickcommand": "",
  "modver": "2.0.0-REL",
  "infoType": "WIKI_URL",
  "info": [
    "https://hypixel-skyblock.fandom.com/wiki/Black_Cat_Pet"
  ],
  "crafttext": ""
}