{
  "itemid": "minecraft:enchanted_book",
  "displayname": "§fEnchanted Book",
  "nbttag": "{ench:[],HideFlags:254,display:{Lore:[0:\"§9Blast Protection III\",1:\"§7Grants §a+90 §a❈ Defense\",2:\"§a§7against explosions.\",3:\"\",4:\"§7Use this on an item in an Anvil\",5:\"§7to apply it!\",6:\"\",7:\"§6Source:\",8:\"§aI-V: §7Enchantment Table,\",9:\"§7Gunpowder Collection\",10:\"\",11:\"§6Applied To:\",12:\"§7- §fArmor\",13:\"\",14:\"§6Conflicts:\",15:\"§7- §cFire Protection\",16:\"§7- §cProtection\",17:\"§7- §cProjectile Protection\",18:\"\",19:\"§f§lCOMMON\"],Name:\"§fEnchanted Book\"},ExtraAttributes:{id:\"BLAST_PROTECTION;3\",enchantments:{blast_protection:3}}}",
  "damage": 0,
  "lore": [
    "§9Blast Protection III",
    "§7Grants §a+90 §a❈ Defense",
    "§a§7against explosions.",
    "",
    "§7Use this on an item in an Anvil",
    "§7to apply it!",
    "",
    "§6Source:",
    "§aI-V: §7Enchantment Table,",
    "§7Gunpowder Collection",
    "",
    "§6Applied To:",
    "§7- §fArmor",
    "",
    "§6Conflicts:",
    "§7- §cFire Protection",
    "§7- §cProtection",
    "§7- §cProjectile Protection",
    "",
    "§f§lCOMMON"
  ],
  "internalname": "BLAST_PROTECTION;3",
  "parent": "BLAST_PROTECTION;4",
  "clickcommand": "",
  "modver": "2.0.0-REL",
  "crafttext": "",
  "infoType": ""
}