{
  "itemid": "minecraft:enchanted_book",
  "displayname": "§f§f§9Enchanted Book",
  "nbttag": "{ench:[],overrideMeta:1b,HideFlags:254,display:{Lore:[0:\"§9Blast Protection VI\",1:\"§7Grants §a+180 §a❈ Defense\",2:\"§a§7against explosions.\",3:\"\",4:\"§7Use this on an item in an Anvil\",5:\"§7to apply it!\",6:\"\",7:\"§6Source:\",8:\"§aVI: §7Experiments\",9:\"\",10:\"§6Applied To:\",11:\"§7- §fArmor\",12:\"\",13:\"§6Conflicts:\",14:\"§7- §cFire Protection\",15:\"§7- §cProtection\",16:\"§7- §cProjectile Protection\",17:\"\",18:\"§9§lRARE\"],Name:\"§f§f§9Enchanted Book\"},ExtraAttributes:{id:\"BLAST_PROTECTION;6\",enchantments:{blast_protection:6}},AttributeModifiers:[]}",
  "damage": 0,
  "lore": [
    "§9Blast Protection VI",
    "§7Grants §a+180 §a❈ Defense",
    "§a§7against explosions.",
    "",
    "§7Use this on an item in an Anvil",
    "§7to apply it!",
    "",
    "§6Source:",
    "§aVI: §7Experiments",
    "",
    "§6Applied To:",
    "§7- §fArmor",
    "",
    "§6Conflicts:",
    "§7- §cFire Protection",
    "§7- §cProtection",
    "§7- §cProjectile Protection",
    "",
    "§9§lRARE"
  ],
  "internalname": "BLAST_PROTECTION;6",
  "crafttext": "",
  "clickcommand": "",
  "modver": "2.0.0-REL",
  "infoType": ""
}