{
  "itemid": "minecraft:enchanted_book",
  "displayname": "§f§f§5Enchanted Book",
  "nbttag": "{ench:[],overrideMeta:1b,HideFlags:254,display:{Lore:[0:\"§9Blast Protection VII\",1:\"§7Grants §a+210 §a❈ Defense\",2:\"§a§7against explosions.\",3:\"\",4:\"§7Use this on an item in an Anvil\",5:\"§7to apply it!\",6:\"\",7:\"§6Source:\",8:\"§aVII: §7Experiments\",9:\"\",10:\"§6Applied To:\",11:\"§7- §fArmor\",12:\"\",13:\"§6Conflicts:\",14:\"§7- §cFire Protection\",15:\"§7- §cProtection\",16:\"§7- §cProjectile Protection\",17:\"\",18:\"§5§lEPIC\"],Name:\"§f§f§5Enchanted Book\"},ExtraAttributes:{id:\"BLAST_PROTECTION;7\",enchantments:{blast_protection:7}},AttributeModifiers:[]}",
  "damage": 0,
  "lore": [
    "§9Blast Protection VII",
    "§7Grants §a+210 §a❈ Defense",
    "§a§7against explosions.",
    "",
    "§7Use this on an item in an Anvil",
    "§7to apply it!",
    "",
    "§6Source:",
    "§aVII: §7Experiments",
    "",
    "§6Applied To:",
    "§7- §fArmor",
    "",
    "§6Conflicts:",
    "§7- §cFire Protection",
    "§7- §cProtection",
    "§7- §cProjectile Protection",
    "",
    "§5§lEPIC"
  ],
  "internalname": "BLAST_PROTECTION;7",
  "crafttext": "",
  "clickcommand": "",
  "modver": "2.0.0-REL",
  "infoType": ""
}