{
  "itemid": "minecraft:enchanted_book",
  "displayname": "§f§f§aEnchanted Book",
  "nbttag": "{ench:[],HideFlags:254,display:{Lore:[0:\"§9Blessing V\",1:\"§7§a25%§7 chance to get double\",2:\"§7drops when fishing.\",3:\"\",4:\"§7Use this on an item in an Anvil\",5:\"§7to apply it!\",6:\"\",7:\"§6Source:\",8:\"§aI-V: §7Enchantment Table,\",9:\"§7Prismarine Crystals Collection\",10:\"\",11:\"§6Applied To:\",12:\"§7- §fFishing Rod\",13:\"§7- §fFishing Weapon\",14:\"\",15:\"§a§lUNCOMMON\"],Name:\"§f§f§aEnchanted Book\"},ExtraAttributes:{id:\"BLESSING;5\",enchantments:{blessing:5}}}",
  "damage": 0,
  "lore": [
    "§9Blessing V",
    "§7§a25%§7 chance to get double",
    "§7drops when fishing.",
    "",
    "§7Use this on an item in an Anvil",
    "§7to apply it!",
    "",
    "§6Source:",
    "§aI-V: §7Enchantment Table,",
    "§7Prismarine Crystals Collection",
    "",
    "§6Applied To:",
    "§7- §fFishing Rod",
    "§7- §fFishing Weapon",
    "",
    "§a§lUNCOMMON"
  ],
  "internalname": "BLESSING;5",
  "parent": "BLESSING;4",
  "modver": "2.0.0-REL",
  "crafttext": "",
  "clickcommand": "",
  "infoType": ""
}