{
  "itemid": "minecraft:skull",
  "displayname": "§5Blessed Fruit",
  "nbttag": "{HideFlags:254,SkullOwner:{Id:\"e87de432-be37-397f-a408-27d18aed4338\",Properties:{textures:[0:{Value:\"eyJ0ZXh0dXJlcyI6eyJTS0lOIjp7InVybCI6Imh0dHA6Ly90ZXh0dXJlcy5taW5lY3JhZnQubmV0L3RleHR1cmUvZDAxOTMwY2RiNmQ3OTdkYTFiMzFlNDFkYmRiMzZiMzRjZTk3MjhmZmEzZjhjMWUzOTcyOGExMGIzNzE5NmI0NyJ9fX0\"}]}},display:{Lore:[0:\"§8Reforge Stone\",1:\"\",2:\"§7Can be used in a Reforge Anvil\",3:\"§7or with the Dungeon Blacksmith\",4:\"§7to apply the §9Blessed §7reforge\",5:\"§7to a hoe.\",6:\"\",7:\"§7Requires §aMining Skill Level\",8:\"§aXXV§7!\",9:\"\",10:\"§5§lEPIC REFORGE STONE\"],Name:\"§5Blessed Fruit\"},ExtraAttributes:{id:\"BLESSED_FRUIT\"}}",
  "damage": 3,
  "lore": [
    "§8Reforge Stone",
    "",
    "§7Can be used in a Reforge Anvil",
    "§7or with the Dungeon Blacksmith",
    "§7to apply the §9Blessed §7reforge",
    "§7to a hoe.",
    "",
    "§7Requires §aMining Skill Level",
    "§aXXV§7!",
    "",
    "§5§lEPIC REFORGE STONE"
  ],
  "internalname": "BLESSED_FRUIT",
  "crafttext": "",
  "clickcommand": "",
  "modver": "1.5-REL",
  "infoType": "WIKI_URL",
  "info": [
    "https://hypixel-skyblock.fandom.com/wiki/Blessed_Fruit"
  ]
}