{
  "internalname": "BLINDNESS",
  "itemid": "minecraft:potion",
  "displayname": "§fBlindness Potion",
  "clickcommand": "viewpotion",
  "damage": 0,
  "nbttag": "{CustomPotionEffects:[0:{Ambient:0b,Duration:20,Id:15b,Amplifier:0b}],HideFlags:254,display:{Lore:[0:\"\",1:\"§fBlindness\",2:\"§7Grants blindness to the affected\",3:\"§7player.\",4:\"\",5:\"§f§lCOMMON\"],Name:\"§fBlindness Potion\"},ExtraAttributes:{id:\"BLINDNESS\"}}",
  "modver": "1.0.0",
  "lore": [
    "",
    "§fBlindness",
    "§7Grants blindness to the affected",
    "§7player.",
    "",
    "§f§lCOMMON"
  ]
}