{
  "internalname": "BLOCK_ZAPPER",
  "itemid": "minecraft:flint",
  "displayname": "§5Block Zapper",
  "clickcommand": "",
  "damage": 0,
  "nbttag": "{ench:[],HideFlags:254,display:{Lore:[0:\"\",1:\"§6Item Ability: Grand... Zapper? §e§lRIGHT CLICK\",2:\"§7Right-Click a block to zap all\",3:\"§7connected blocks of the same\",4:\"§7type.\",5:\"\",6:\"§5§lEPIC\",7:\"\",8:\"§7Cost\",9:\"§b5,000 Bits\"],Name:\"§5Block Zapper\"},ExtraAttributes:{id:\"BLOCK_ZAPPER\"}}",
  "modver": "2.0.0-REL",
  "lore": [
    "",
    "§6Item Ability: Grand... Zapper? §e§lRIGHT CLICK",
    "§7Right-Click a block to zap all",
    "§7connected blocks of the same",
    "§7type.",
    "",
    "§5§lEPIC",
    "",
    "§7Cost",
    "§b5,000 Bits"
  ],
  "crafttext": "",
  "infoType": "WIKI_URL",
  "info": [
    "https://hypixel-skyblock.fandom.com/wiki/Block_Zapper"
  ]
}