{
  "internalname": "BLUE_ICE_HUNK",
  "itemid": "minecraft:skull",
  "displayname": "§9Hunk of Blue Ice",
  "clickcommand": "",
  "damage": 3,
  "nbttag": "{HideFlags:254,SkullOwner:{Id:\"070f6268-39a5-3c12-b129-355c8f66fc8a\",Properties:{textures:[0:{Value:\"eyJ0ZXh0dXJlcyI6eyJTS0lOIjp7InVybCI6Imh0dHA6Ly90ZXh0dXJlcy5taW5lY3JhZnQubmV0L3RleHR1cmUvNWFiMDllZTE0ZTNhNWRmNTk5Y2ZhNGQxNmM1Y2U4ZDA1NGJlZjg0Njk1MTMyMGY3MjFhYTRhNzE4MWY4ZGI1ZSJ9fX0\u003d\"}]}},display:{Lore:[0:\"§9§lRARE\"],Name:\"§9Hunk of Blue Ice\"},ExtraAttributes:{id:\"BLUE_ICE_HUNK\"}}",
  "modver": "2.0.0-REL",
  "lore": [
    "§9§lRARE"
  ],
  "infoType": "WIKI_URL",
  "info": [
    "https://hypixel-skyblock.fandom.com/wiki/Hunk_of_Blue_Ice"
  ],
  "crafttext": ""
}
