{
  "itemid": "minecraft:boat",
  "displayname": "§fBoat",
  "nbttag": "{HideFlags:254,display:{Lore:[0:\"§f§lCOMMON\"],Name:\"§fBoat\"},ExtraAttributes:{id:\"BOAT\"}}",
  "damage": 0,
  "lore": [
    "§f§lCOMMON"
  ],
  "internalname": "BOAT",
  "modver": "1.3-REL",
  "vanilla": true,
  "clickcommand": "viewrecipe",
  "recipe": {
    "A1": "WOOD:1",
    "A2": "",
    "A3": "WOOD:1",
    "B1": "WOOD:1",
    "B2": "WOOD:1",
    "B3": "WOOD:1",
    "C1": "",
    "C2": "",
    "C3": ""
  },
  "infoType": "WIKI_URL",
  "info": [
      "https://hypixel-skyblock.fandom.com/wiki/Boat"
  ]
}
