{
  "itemid": "minecraft:writable_book",
  "displayname": "§fBook and Quill",
  "nbttag": "{HideFlags:254,display:{Lore:[0:\"§f§lCOMMON\"],Name:\"§fBook and Quill\"},ExtraAttributes:{id:\"BOOK_AND_QUILL\"}}",
  "damage": 0,
  "lore": [
    "§f§lCOMMON"
  ],
  "internalname": "BOOK_AND_QUILL",
  "modver": "1.3-REL",
  "vanilla": true,
  "clickcommand": "viewrecipe",
  "recipe": {
    "A1": "BOOK:1",
    "A2": "INK_SACK:1",
    "A3": "FEATHER:1",
    "B1": "",
    "B2": "",
    "B3": "",
    "C1": "",
    "C2": "",
    "C3": ""
  }
}