{
  "itemid": "minecraft:book",
  "displayname": "§fBook",
  "nbttag": "{HideFlags:254,display:{Lore:[0:\"§f§lCOMMON\"],Name:\"§fBook\"},ExtraAttributes:{id:\"BOOK\"}}",
  "damage": 0,
  "lore": [
    "§f§lCOMMON"
  ],
  "internalname": "BOOK",
  "modver": "1.3-REL",
  "vanilla": true,
  "clickcommand": "viewrecipe",
  "recipe": {
    "A1": "PAPER:1",
    "A2": "PAPER:1",
    "A3": "PAPER:1",
    "B1": "LEATHER:1",
    "B2": "",
    "B3": "",
    "C1": "",
    "C2": "",
    "C3": ""
  },
  "infoType": "WIKI_URL",
  "info": [
      "https://hypixel-skyblock.fandom.com/wiki/Book"
  ]
}
