{
  "itemid": "minecraft:cookie",
  "displayname": "§6Booster Cookie",
  "nbttag": "{ench:[],HideFlags:254,display:{Lore:[0:\"§7Consume to gain the §dCookie Buff\",1:\"§d§7for §b4 §7days:\",2:\"\",3:\"§8‣ §7Ability to gain §bBits§7!\",4:\"§8‣ §b+20% §7Skill XP\",5:\"§8‣ §b+15✯ §7Magic Find\",6:\"§8‣ §7Keep §6coins §7and §deffects §7on death\",7:\"§8‣ §ePermafly §7on private islands\",8:\"§8‣ §7Access §6/ah §7and §6/bazaar §7anywhere\",9:\"§8‣ §7Sell items directly to the trades menu\",10:\"§8‣ §7AFK §aimmunity §7on your island\",11:\"§8‣ §7Toggle specific §dpotion effects\",12:\"\",13:\"§6§lLEGENDARY\"],Name:\"§6Booster Cookie\"},ExtraAttributes:{id:\"BOOSTER_COOKIE\"}}",
  "damage": 0,
  "lore": [
    "§7Consume to gain the §dCookie Buff",
    "§d§7for §b4 §7days:",
    "",
    "§8‣ §7Ability to gain §bBits§7!",
    "§8‣ §b+20% §7Skill XP",
    "§8‣ §b+15✯ §7Magic Find",
    "§8‣ §7Keep §6coins §7and §deffects §7on death",
    "§8‣ §ePermafly §7on private islands",
    "§8‣ §7Access §6/ah §7and §6/bazaar §7anywhere",
    "§8‣ §7Sell items directly to the trades menu",
    "§8‣ §7AFK §aimmunity §7on your island",
    "§8‣ §7Toggle specific §dpotion effects",
    "",
    "§6§lLEGENDARY"
  ],
  "internalname": "BOOSTER_COOKIE",
  "crafttext": "",
  "clickcommand": "",
  "modver": "1.3-REL",
  "infoType": "WIKI_URL",
  "info": [
    "https://hypixel-skyblock.fandom.com/wiki/Booster_Cookie"
  ]
}