{
  "itemid": "minecraft:bow",
  "displayname": "§fBow",
  "nbttag": "{HideFlags:254,display:{Lore:[0:\"§f§lCOMMON\"],Name:\"§fBow\"},ExtraAttributes:{id:\"BOW\"}}",
  "damage": 0,
  "lore": [
    "§f§lCOMMON"
  ],
  "internalname": "BOW",
  "modver": "1.3-REL",
  "vanilla": true,
  "clickcommand": "viewrecipe",
  "recipe": {
    "A1": "",
    "A2": "STICK:1",
    "A3": "STRING:1",
    "B1": "STICK:1",
    "B2": "",
    "B3": "STRING:1",
    "C1": "",
    "C2": "STICK:1",
    "C3": "STRING:1"
  }
}