{
  "itemid": "minecraft:brick_block",
  "displayname": "§fBricks",
  "nbttag": "{HideFlags:254,display:{Lore:[0:\"§f§lCOMMON\"],Name:\"§fBricks\"},ExtraAttributes:{id:\"BRICK\"}}",
  "damage": 0,
  "lore": [
    "§f§lCOMMON"
  ],
  "internalname": "BRICK",
  "modver": "1.3-REL",
  "vanilla": true,
  "clickcommand": "viewrecipe",
  "recipe": {
    "A1": "CLAY_BRICK:1",
    "A2": "CLAY_BRICK:1",
    "A3": "",
    "B1": "CLAY_BRICK:1",
    "B2": "CLAY_BRICK:1",
    "B3": "",
    "C1": "",
    "C2": "",
    "C3": ""
  },
  "infoType": "WIKI_URL",
  "info": [
      "https://hypixel-skyblock.fandom.com/wiki/Brick"
  ]
}
