{
  "itemid": "minecraft:bucket",
  "displayname": "§fBucket",
  "nbttag": "{HideFlags:254,display:{Lore:[0:\"§f§lCOMMON\"],Name:\"§fBucket\"},ExtraAttributes:{id:\"BUCKET\"}}",
  "damage": 0,
  "lore": [
    "§f§lCOMMON"
  ],
  "internalname": "BUCKET",
  "modver": "1.3-REL",
  "vanilla": true,
  "clickcommand": "viewrecipe",
  "recipe": {
    "A1": "IRON_INGOT:1",
    "A2": "",
    "A3": "IRON_INGOT:1",
    "B1": "",
    "B2": "IRON_INGOT:1",
    "B3": "",
    "C1": "",
    "C2": "",
    "C3": ""
  }
}