{
  "itemid": "minecraft:skull",
  "displayname": "§fCactus",
  "nbttag": "{HideFlags:254,SkullOwner:{Id:\"7e903469-78f6-3031-9cb9-b4842b5167d8\",Properties:{textures:[0:{Value:\"eyJ0ZXh0dXJlcyI6eyJTS0lOIjp7InVybCI6Imh0dHA6Ly90ZXh0dXJlcy5taW5lY3JhZnQubmV0L3RleHR1cmUvMjk3MTM4ZmY1YTc0ZmI3Mzc5Y2NjYTc5NzI2Njk4NzFiMjA5YjkxYmY2YzdiMDdlNzY5MjkyODVjOGZiMyJ9fX0\"}]}},display:{Lore:[0:\"§8Decoration item\",1:\"\",2:\"§f§lCOMMON\"],Name:\"§fCactus\"},ExtraAttributes:{id:\"BUILDER_CACTUS\"}}",
  "damage": 3,
  "lore": [
    "§8Decoration item",
    "",
    "§f§lCOMMON"
  ],
  "internalname": "BUILDER_CACTUS",
  "crafttext": "",
  "clickcommand": "",
  "modver": "2.0.0-REL",
  "infoType": "WIKI_URL",
  "info": [
    "https://hypixel-skyblock.fandom.com/wiki/Decorations"
  ]
}