{
  "itemid": "minecraft:skull",
  "displayname": "§fBerry Bush",
  "nbttag": "{HideFlags:254,SkullOwner:{Id:\"d1977de1-eb16-37a8-b765-7d71569de2a2\",Properties:{textures:[0:{Value:\"eyJ0ZXh0dXJlcyI6eyJTS0lOIjp7InVybCI6Imh0dHA6Ly90ZXh0dXJlcy5taW5lY3JhZnQubmV0L3RleHR1cmUvYjRlYzNmY2Q1NTcyNjlhMWEwYjliZmE4YTAyZGFlMWEzOWZhMGVlOGZmNDBlMGNiOGE5NjQ3OWJlMDRiNjYwOSJ9fX0\"}]}},display:{Lore:[0:\"§8Decoration item\",1:\"\",2:\"§f§lCOMMON\"],Name:\"§fBerry Bush\"},ExtraAttributes:{id:\"BUILDER_BERRY_BUSH\"}}",
  "damage": 3,
  "lore": [
    "§8Decoration item",
    "",
    "§f§lCOMMON"
  ],
  "internalname": "BUILDER_BERRY_BUSH",
  "crafttext": "",
  "clickcommand": "",
  "modver": "2.0.0-REL",
  "infoType": "WIKI_URL",
  "info": [
    "https://hypixel-skyblock.fandom.com/wiki/Decorations"
  ]
}