{
  "itemid": "minecraft:skull",
  "displayname": "§fOnion",
  "nbttag": "{HideFlags:254,SkullOwner:{Id:\"45ce7775-6a5d-3602-900b-a00b60b51ca9\",Properties:{textures:[0:{Value:\"eyJ0ZXh0dXJlcyI6eyJTS0lOIjp7InVybCI6Imh0dHA6Ly90ZXh0dXJlcy5taW5lY3JhZnQubmV0L3RleHR1cmUvYjEzNGFiMTQ1YmQxNzY3NmFjMTBhNmY1YjY1NTRkZDQxMjU2Y2UzYjgyMzlmODdjMDU5MWIxMDVhYTllMDg2In19fQ\"}]}},display:{Lore:[0:\"§8Decoration item\",1:\"\",2:\"§f§lCOMMON\"],Name:\"§fOnion\"},ExtraAttributes:{id:\"BUILDER_ONION\"}}",
  "damage": 3,
  "lore": [
    "§8Decoration item",
    "",
    "§f§lCOMMON"
  ],
  "internalname": "BUILDER_ONION",
  "crafttext": "",
  "clickcommand": "",
  "modver": "2.0.0-REL",
  "infoType": "WIKI_URL",
  "info": [
    "https://hypixel-skyblock.fandom.com/wiki/Decorations"
  ]
}