{
  "itemid": "minecraft:blaze_rod",
  "displayname": "§f§f§6Builder\u0027s Wand",
  "nbttag": "{ench:[],overrideMeta:1b,HideFlags:254,display:{Lore:[0:\"\",1:\"§6Item Ability: Grand Architect §e§lRIGHT CLICK\",2:\"§7Right-Click the face of a block\",3:\"§7to extend all connected block\",4:\"§7faces.\",5:\"\",6:\"§6Item Ability: Built-in Storage §e§lLEFT CLICK\",7:\"§7Opens the wand storage. Blocks\",8:\"§7will be placed from your\",9:\"§7inventory or the wand storage.\",10:\"\",11:\"§6§lLEGENDARY\",12:\"\",13:\"§7Cost\",14:\"§b12,000 Bits\"],Name:\"§f§f§6Builder\u0027s Wand\"},ExtraAttributes:{id:\"BUILDERS_WAND\"},AttributeModifiers:[]}",
  "damage": 0,
  "lore": [
    "",
    "§6Item Ability: Grand Architect §e§lRIGHT CLICK",
    "§7Right-Click the face of a block",
    "§7to extend all connected block",
    "§7faces.",
    "",
    "§6Item Ability: Built-in Storage §e§lLEFT CLICK",
    "§7Opens the wand storage. Blocks",
    "§7will be placed from your",
    "§7inventory or the wand storage.",
    "",
    "§6§lLEGENDARY",
    "",
    "§7Cost",
    "§b12,000 Bits"
  ],
  "internalname": "BUILDERS_WAND",
  "crafttext": "",
  "clickcommand": "",
  "modver": "2.0.0-REL",
  "infoType": "WIKI_URL",
  "info": [
    "https://hypixel-skyblock.fandom.com/wiki/Builder\u0027s_Wand"
  ]
}