{
  "itemid": "minecraft:skull",
  "displayname": "§fLettuce",
  "nbttag": "{HideFlags:254,SkullOwner:{Id:\"c8790f27-ed5f-398e-bb57-81d7a1144e1b\",Properties:{textures:[0:{Value:\"eyJ0ZXh0dXJlcyI6eyJTS0lOIjp7InVybCI6Imh0dHA6Ly90ZXh0dXJlcy5taW5lY3JhZnQubmV0L3RleHR1cmUvOTk3OWZlN2IzMmZiN2ZjOTc0NmUxNTc0NzFmOTc1ZjMxYWZjYjU4ZmQ4YjVhY2I4YmY1M2VjMzUwZjRkNWMyIn19fQ\"}]}},display:{Lore:[0:\"§8Decoration item\",1:\"\",2:\"§f§lCOMMON\"],Name:\"§fLettuce\"},ExtraAttributes:{id:\"BUILDER_LETTUCE\"}}",
  "damage": 3,
  "lore": [
    "§8Decoration item",
    "",
    "§f§lCOMMON"
  ],
  "internalname": "BUILDER_LETTUCE",
  "crafttext": "",
  "clickcommand": "",
  "modver": "2.0.0-REL",
  "infoType": "WIKI_URL",
  "info": [
    "https://hypixel-skyblock.fandom.com/wiki/Decorations"
  ]
}