{
  "itemid": "minecraft:skull",
  "displayname": "§fBanana Bunch",
  "nbttag": "{HideFlags:254,SkullOwner:{Id:\"801c28c3-6d61-3fe9-be83-dfedc1139deb\",Properties:{textures:[0:{Value:\"eyJ0ZXh0dXJlcyI6eyJTS0lOIjp7InVybCI6Imh0dHA6Ly90ZXh0dXJlcy5taW5lY3JhZnQubmV0L3RleHR1cmUvMjBhYWExNDI1ZDJiOTkzODM2OTdkNTcxOTNmMjdkODcyNDQyYmNiOTk1NTA4ZjQyZDE5ZGU0YWYxZjg2MTIifX19\"}]}},display:{Lore:[0:\"§8Decoration item\",1:\"\",2:\"§f§lCOMMON\"],Name:\"§fBanana Bunch\"},ExtraAttributes:{id:\"BUILDER_BANANA_BUNCH\"}}",
  "damage": 3,
  "lore": [
    "§8Decoration item",
    "",
    "§f§lCOMMON"
  ],
  "internalname": "BUILDER_BANANA_BUNCH",
  "crafttext": "",
  "clickcommand": "",
  "modver": "2.0.0-REL",
  "infoType": "WIKI_URL",
  "info": [
    "https://hypixel-skyblock.fandom.com/wiki/Decorations"
  ]
}