{
  "itemid": "minecraft:skull",
  "displayname": "§fBlue Corn",
  "nbttag": "{HideFlags:254,SkullOwner:{Id:\"a2c37777-9c92-3754-affc-6c48d98429f9\",Properties:{textures:[0:{Value:\"eyJ0ZXh0dXJlcyI6eyJTS0lOIjp7InVybCI6Imh0dHA6Ly90ZXh0dXJlcy5taW5lY3JhZnQubmV0L3RleHR1cmUvZmQ1NDE1ODFiMGQyNGIxYjVhYjFkYWQ0ZjUxZTM4M2QwM2I5YjBiY2I0Y2Y4NmYxMzQ1MTQ1NDY4ZWZkMWM1YSJ9fX0\"}]}},display:{Lore:[0:\"§8Decoration item\",1:\"\",2:\"§f§lCOMMON\"],Name:\"§fBlue Corn\"},ExtraAttributes:{id:\"BUILDER_BLUE_CORN\"}}",
  "damage": 3,
  "lore": [
    "§8Decoration item",
    "",
    "§f§lCOMMON"
  ],
  "internalname": "BUILDER_BLUE_CORN",
  "crafttext": "",
  "clickcommand": "",
  "modver": "2.0.0-REL",
  "infoType": "WIKI_URL",
  "info": [
    "https://hypixel-skyblock.fandom.com/wiki/Decorations"
  ]
}