{
  "itemid": "minecraft:skull",
  "displayname": "§fApple",
  "nbttag": "{HideFlags:254,SkullOwner:{Id:\"f18f6b7d-96d9-3e7c-a3ee-3ed6de69d2a6\",Properties:{textures:[0:{Value:\"eyJ0ZXh0dXJlcyI6eyJTS0lOIjp7InVybCI6Imh0dHA6Ly90ZXh0dXJlcy5taW5lY3JhZnQubmV0L3RleHR1cmUvOTIxMTI3ZDIyNjc1YzVjNzY5YTBjMDhiNTcyMDE4ZDI5OWM4MzA0NmY4ZTFmOTQzZWQ5ZDUxYmUwM2IwNyJ9fX0\"}]}},display:{Lore:[0:\"§8Decoration item\",1:\"\",2:\"§f§lCOMMON\"],Name:\"§fApple\"},ExtraAttributes:{id:\"BUILDER_APPLE\"}}",
  "damage": 3,
  "lore": [
    "§8Decoration item",
    "",
    "§f§lCOMMON"
  ],
  "internalname": "BUILDER_APPLE",
  "crafttext": "",
  "clickcommand": "",
  "modver": "2.0.0-REL",
  "infoType": "WIKI_URL",
  "info": [
    "https://hypixel-skyblock.fandom.com/wiki/Decorations"
  ]
}