{
  "itemid": "minecraft:skull",
  "displayname": "§f§f§9Bunny Jerry",
  "nbttag": "{overrideMeta:1b,HideFlags:254,SkullOwner:{Id:\"c9540683-51e4-3942-ad17-4f2c3f3ae4b7\",Properties:{textures:[0:{Value:\"eyJ0ZXh0dXJlcyI6eyJTS0lOIjp7InVybCI6Imh0dHA6Ly90ZXh0dXJlcy5taW5lY3JhZnQubmV0L3RleHR1cmUvODIyZDhlNzUxYzhmMmZkNGM4OTQyYzQ0YmRiMmY1Y2E0ZDhhZThlNTc1ZWQzZWIzNGMxOGE4NmU5M2IifX19\"}]}},display:{Lore:[0:\"§8Furniture\",1:\"§8Easter Cosmetic\",2:\"\",3:\"§7This exclusive Easter cosmetic\",4:\"§7can be placed on your island or\",5:\"§7traded.\",6:\"\",7:\"§9§lRARE\"],Name:\"§f§f§9Bunny Jerry\"},ExtraAttributes:{id:\"BUNNY_JERRY\"},AttributeModifiers:[]}",
  "damage": 3,
  "lore": [
    "§8Furniture",
    "§8Easter Cosmetic",
    "",
    "§7This exclusive Easter cosmetic",
    "§7can be placed on your island or",
    "§7traded.",
    "",
    "§9§lRARE"
  ],
  "internalname": "BUNNY_JERRY",
  "clickcommand": "",
  "modver": "1.0.0",
  "infoType": "WIKI_URL",
  "info": [
    "https://hypixel-skyblock.fandom.com/wiki/Furniture"
  ]
}