{
  "itemid": "minecraft:leather_boots",
  "displayname": "§fCactus Boots",
  "nbttag": "{Unbreakable:1,HideFlags:254,display:{Lore:[0:\"§7Health: §a+5 HP\",1:\"§7Defense: §a+10\",2:\"\",3:\"§6Full Set Bonus: Deflect\",4:\"§7Rebound §a33.0% §7of the damage\",5:\"§7you take back at your enemy.\",6:\"\",7:\"§7§8This item can be reforged!\",8:\"§f§lCOMMON BOOTS\"],color:65280,Name:\"§fCactus Boots\"},ExtraAttributes:{color:\"0:255:0\",id:\"CACTUS_BOOTS\"}}",
  "damage": 0,
  "lore": [
    "§7Health: §a+5 HP",
    "§7Defense: §a+10",
    "",
    "§6Full Set Bonus: Deflect",
    "§7Rebound §a33.0% §7of the damage",
    "§7you take back at your enemy.",
    "",
    "§7§8This item can be reforged!",
    "§f§lCOMMON BOOTS"
  ],
  "recipe": {
    "A1": "CACTUS:1",
    "A2": "",
    "A3": "CACTUS:1",
    "B1": "CACTUS:1",
    "B2": "",
    "B3": "CACTUS:1",
    "C1": "",
    "C2": "",
    "C3": ""
  },
  "internalname": "CACTUS_BOOTS",
  "clickcommand": "viewrecipe",
  "modver": "1.0.0",
  "infoType": "WIKI_URL",
  "info": [
    "https://hypixel-skyblock.fandom.com/wiki/Cactus_Armor"
  ],
  "crafttext": "Requires: Cactus II"
}