{
  "itemid": "minecraft:skull",
  "displayname": "§6Campfire God Badge",
  "nbttag": "{HideFlags:254,SkullOwner:{Id:\"62982401-1d16-3064-88fe-5ad9bb909b42\",Properties:{textures:[0:{Value:\"eyJ0ZXh0dXJlcyI6eyJTS0lOIjp7InVybCI6Imh0dHA6Ly90ZXh0dXJlcy5taW5lY3JhZnQubmV0L3RleHR1cmUvNDA4MGJiZWZjYTg3ZGMwZjM2NTM2YjY1MDg0MjVjZmM0Yjk1YmE2ZThmNWU2YTQ2ZmY5ZTljYjQ4OGE5ZWQifX19\"}]}},display:{Lore:[0:\"§7Heal §c44❤ §7per second\",1:\"§7while burning.\",2:\"§7Also constantly heal §c2❤ §7per\",3:\"§7second everywhere.\",4:\"\",5:\"§6Trial of Fire XXII\",6:\"§8§o\\\"Fire guy!\\\"\",7:\"\",8:\"§6Requires §6§l1500x §6§LEnchanted Jungle Wood \",9:\"§6to upgrade!\",10:\"\",11:\"§6§lLEGENDARY ACCESSORY\"],Name:\"§6Campfire God Badge\"},ExtraAttributes:{originTag:\"FIRE_TRIALS_1\",id:\"CAMPFIRE_TALISMAN_21\"}}",
  "damage": 3,
  "lore": [
    "§7Heal §c44❤ §7per second",
    "§7while burning.",
    "§7Also constantly heal §c2❤ §7per",
    "§7second everywhere.",
    "",
    "§6Trial of Fire XXII",
    "§8§o\"Fire guy!\"",
    "",
    "§6Requires §6§l1500x §6§LEnchanted Jungle Wood ",
    "§6to upgrade!",
    "",
    "§6§lLEGENDARY ACCESSORY"
  ],
  "internalname": "CAMPFIRE_TALISMAN_21",
  "crafttext": "",
  "clickcommand": "",
  "modver": "2.0.0-REL",
  "infoType": "WIKI_URL",
  "info": [
    "https://hypixel-skyblock.fandom.com/wiki/Campfire_Badge"
  ]
}