{
  "itemid": "minecraft:skull",
  "displayname": "§fCampfire Initiate Badge",
  "nbttag": "{HideFlags:254,SkullOwner:{Id:\"193d1eb3-f525-339e-a7c5-4adc368f937c\",Properties:{textures:[0:{Value:\"eyJ0ZXh0dXJlcyI6eyJTS0lOIjp7InVybCI6Imh0dHA6Ly90ZXh0dXJlcy5taW5lY3JhZnQubmV0L3RleHR1cmUvYWY0MWNjMjI1MGQyZjVjZmNmNDM4NGFhMGNmM2UyM2MxOTc2NzU0OWEyYThhYmQ3NTMyYmQ1MmM1YTFkZSJ9fX0=\"}]}},display:{Lore:[0:\"§7Heal §c6❤ §7per second\",1:\"§7while burning.\",2:\"\",3:\"§6Trial of Fire III\",4:\"§8§o\\\"Fire guy!\\\"\",5:\"\",6:\"§7§8This item can be reforged!\",7:\"§f§lCOMMON ACCESSORY\"],Name:\"§fCampfire Initiate Badge\"},ExtraAttributes:{originTag:\"FIRE_TRIALS_1\",id:\"CAMPFIRE_TALISMAN_2\"}}",
  "damage": 3,
  "lore": [
    "§7Heal §c6❤ §7per second",
    "§7while burning.",
    "",
    "§6Trial of Fire III",
    "§8§o\"Fire guy!\"",
    "",
    "§7§8This item can be reforged!",
    "§f§lCOMMON ACCESSORY"
  ],
  "internalname": "CAMPFIRE_TALISMAN_2",
  "crafttext": "",
  "clickcommand": "",
  "modver": "2.0.0-REL",
  "infoType": "WIKI_URL",
  "info":[
    "https://hypixel-skyblock.fandom.com/wiki/Campfire_Badge"
  ]
}