{
  "internalname": "CANDY_ARTIFACT",
  "itemid": "minecraft:skull",
  "displayname": "§5Candy Artifact",
  "clickcommand": "",
  "damage": 3,
  "nbttag": "{HideFlags:254,SkullOwner:{Id:\"22f73779-9b47-3de5-b9a9-90d100e3d182\",Properties:{textures:[0:{Value:\"eyJ0ZXh0dXJlcyI6eyJTS0lOIjp7InVybCI6Imh0dHA6Ly90ZXh0dXJlcy5taW5lY3JhZnQubmV0L3RleHR1cmUvNGViNDZiYmNhMzgxMjM2M2I1OTY3NmZmNjI5ZGMzNjk4MjU3ZmQxNzhkMzk0ZmFkZmZkYTcxNDM0MjJlMmYxMCJ9fX0=\"}]}},display:{Lore:[0:\"§7Increases the chance for mobs to\",1:\"§7drop Candy by §a15% §7during the\",2:\"§7§6Spooky Festival§7.\",3:\"\",4:\"§7§8This item can be reforged!\",5:\"§5§lEPIC ACCESSORY\"],Name:\"§5Candy Artifact\"},ExtraAttributes:{id:\"CANDY_ARTIFACT\"}}",
  "modver": "1.0.0",
  "lore": [
    "§7Increases the chance for mobs to",
    "§7drop Candy by §a15% §7during the",
    "§7§6Spooky Festival§7.",
    "",
    "§7§8This item can be reforged!",
    "§5§lEPIC ACCESSORY"
  ],
  "infoType": "WIKI_URL",
  "info": [
    "https://hypixel-skyblock.fandom.com/wiki/Candy_Artifact"
  ]
}