{
  "internalname": "CANDY_TALISMAN",
  "itemid": "minecraft:skull",
  "displayname": "§aCandy Talisman",
  "clickcommand": "",
  "damage": 3,
  "nbttag": "{HideFlags:254,SkullOwner:{Id:\"596cfed7-c31f-3a1f-93a2-ad3f3c061a8c\",Properties:{textures:[0:{Value:\"eyJ0ZXh0dXJlcyI6eyJTS0lOIjp7InVybCI6Imh0dHA6Ly90ZXh0dXJlcy5taW5lY3JhZnQubmV0L3RleHR1cmUvMmM0MmI5NWVlMWE3OGIwOGI4ZjllN2FjZmVkZjMzYWQ2ZTRlY2QwODE5MTI1MThiYTk5ZjA0MWE3ZWYyMWYxYiJ9fX0=\"}]}},display:{Lore:[0:\"§7Increases the chance for mobs to\",1:\"§7drop Candy by §a5% §7during the\",2:\"§7§6Spooky Festival§7.\",3:\"\",4:\"§7§8This item can be reforged!\",5:\"§a§lUNCOMMON ACCESSORY\"],Name:\"§aCandy Talisman\"},ExtraAttributes:{id:\"CANDY_TALISMAN\"}}",
  "modver": "1.0.0",
  "lore": [
    "§7Increases the chance for mobs to",
    "§7drop Candy by §a5% §7during the",
    "§7§6Spooky Festival§7.",
    "",
    "§7§8This item can be reforged!",
    "§a§lUNCOMMON ACCESSORY"
  ],
  "infoType": "WIKI_URL",
  "info": [
    "https://hypixel-skyblock.fandom.com/wiki/Candy_Talisman"
  ]
}