{
  "itemid": "minecraft:carpet",
  "displayname": "§fPurple Carpet",
  "nbttag": "{HideFlags:254,display:{Lore:[0:\"§f§lCOMMON\"],Name:\"§fPurple Carpet\"},ExtraAttributes:{id:\"CARPET\"}}",
  "damage": 10,
  "lore": [
    "§f§lCOMMON"
  ],
  "internalname": "CARPET-10",
  "parent": "CARPET",
  "modver": "1.3-REL",
  "vanilla": true,
  "clickcommand": "viewrecipe",
  "recipe": {
    "A1": "WOOL-10:1",
    "A2": "WOOL-10:1",
    "A3": "",
    "B1": "",
    "B2": "",
    "B3": "",
    "C1": "",
    "C2": "",
    "C3": ""
  }
}