{
  "itemid": "minecraft:skull",
  "displayname": "§9Carrot Patch",
  "nbttag": "{HideFlags:254,SkullOwner:{Id:\"48d98ac0-2187-3cc2-bb37-bc42fc0eab2f\",Properties:{textures:[0:{Value:\"eyJ0ZXh0dXJlcyI6eyJTS0lOIjp7InVybCI6Imh0dHA6Ly90ZXh0dXJlcy5taW5lY3JhZnQubmV0L3RleHR1cmUvYjVmOTM1NjVhNGU0NzUwYmU5ZGI5MTVlN2M2ZWRhMTg2NGJhOWU1MmUxMWRiODhhZmVlNzMxYWU4OThlNmRhIn19fQ\u003d\u003d\"}]}},display:{Lore:[0:\"§8Furniture\",1:\"\",2:\"§7This exclusive Easter cosmetic\",3:\"§7can be placed on your island or\",4:\"§7traded.\",5:\"\",6:\"§9§lRARE\"],Name:\"§9Carrot Patch\"},ExtraAttributes:{id:\"CARROT_PATCH\"}}",
  "damage": 3,
  "lore": [
    "§8Furniture",
    "",
    "§7This exclusive Easter cosmetic",
    "§7can be placed on your island or",
    "§7traded.",
    "",
    "§9§lRARE"
  ],
  "internalname": "CARROT_PATCH",
  "crafttext": "",
  "clickcommand": "",
  "modver": "2.0.0-REL",
  "infoType": "WIKI_URL",
  "info": [
    "https://hypixel-skyblock.fandom.com/wiki/Furniture"
  ]
}