{
  "itemid": "minecraft:carrot_on_a_stick",
  "displayname": "§fCarrot on a Stick",
  "nbttag": "{HideFlags:254,display:{Lore:[0:\"§f§lCOMMON\"],Name:\"§fCarrot on a Stick\"},ExtraAttributes:{id:\"CARROT_STICK\"}}",
  "damage": 0,
  "lore": [
    "§f§lCOMMON"
  ],
  "internalname": "CARROT_STICK",
  "modver": "1.3-REL",
  "vanilla": true,
  "clickcommand": "viewrecipe",
  "recipe": {
    "A1": "FISHING_ROD:1",
    "A2": "",
    "A3": "",
    "B1": "",
    "B2": "CARROT_ITEM:1",
    "B3": "",
    "C1": "",
    "C2": "",
    "C3": ""
  }
}