{
  "itemid": "minecraft:skull",
  "displayname": "§3Carrot King (Sea Creature)",
  "nbttag": "{SkullOwner:{Id:\"10a9980c-1ba4-42fc-9f92-96b65a1db4b9\",Properties:{textures:[0:{Value:\"eyJ0ZXh0dXJlcyI6eyJTS0lOIjp7InVybCI6Imh0dHA6Ly90ZXh0dXJlcy5taW5lY3JhZnQubmV0L3RleHR1cmUvMTE3YmZmYzE5NzJhY2Q3ZjNiNGE4ZjQzYjViNmM3NTM0Njk1YjhmZDYyNjc3ZTAzMDZiMjgzMTU3NGIifX19\"}]}},display:{Lore:[0:\"§7The Carrot King is a Sea Creature that has a\",1:\"§7chance to be caught when the player reaches\",2:\"§7fishing level XV or above, and is using Carrot \",3:\"§7Bait. It has a low spawn rate, and roughly \",4:\"§710,000 EHP. \",5:\"\",6:\"§c❤ Health§8: §c10.000\",7:\"\",8:\"§cDrops:\",9:\"§7- §7Lily Pad\",10:\"§7- §7Sponge\",11:\"§7- §9Enchanted Book\",12:\"   §7(Caster VI)\",13:\"§7- §aEnchanted Carrot\",14:\"§7- §aRabbit Hat\",15:\"§7- §9Enchanted Rabbit Foot\",16:\"§7- §5Lucky Clover Core\",17:\"\",18:\"§cRequirements:\",19:\"§7- Fishing Skill 15\",20:\"§7- Carrot Bait\",21:\"\",22:\"§a§lUNCOMMON\"],Name:\"§3Carrot King (Sea Creature)\"},ExtraAttributes:{id:\"CARROT_KING_SC\"}}",
  "damage": 3,
  "lore": [
    "§7The Carrot King is a Sea Creature that has a",
    "§7chance to be caught when the player reaches",
    "§7fishing level XV or above, and is using Carrot ",
    "§7Bait. It has a low spawn rate, and roughly ",
    "§710,000 EHP. ",
    "",
    "§c❤ Health§8: §c10.000",
    "",
    "§cDrops:",
    "§7- §7Lily Pad",
    "§7- §7Sponge",
    "§7- §9Enchanted Book",
    "   §7(Caster VI)",
    "§7- §aEnchanted Carrot",
    "§7- §aRabbit Hat",
    "§7- §9Enchanted Rabbit Foot",
    "§7- §5Lucky Clover Core",
    "",
    "§cRequirements:",
    "§7- Fishing Skill 15",
    "§7- Carrot Bait",
    "",
    "§a§lUNCOMMON"
  ],
  "internalname": "CARROT_KING_SC",
  "clickcommand": "",
  "modver": "2.0.0-REL",
  "infoType": "WIKI_URL",
  "info": [
    "https://hypixel-skyblock.fandom.com/wiki/Carrot_King"
  ],
  "crafttext": ""
}