{
  "itemid": "minecraft:enchanted_book",
  "displayname": "§f§f§aEnchanted Book",
  "nbttag": "{ench:[],HideFlags:254,display:{Lore:[0:\"§9Caster V\",1:\"§7§a5%§7 chance to not consume\",2:\"§7bait.\",3:\"\",4:\"§7Use this on an item in an Anvil\",5:\"§7to apply it!\",6:\"\",7:\"§6Source:\",8:\"§aI-V: §7Enchantment Table,\",9:\"§7Ink Sack Collection\",10:\"\",11:\"§6Applied To:\",12:\"§7- §fFishing Rod\",13:\"§7- §fFishing Weapon\",14:\"\",15:\"§a§lUNCOMMON\"],Name:\"§f§f§aEnchanted Book\"},ExtraAttributes:{id:\"CASTER;5\",enchantments:{caster:5}}}",
  "damage": 0,
  "lore": [
    "§9Caster V",
    "§7§a5%§7 chance to not consume",
    "§7bait.",
    "",
    "§7Use this on an item in an Anvil",
    "§7to apply it!",
    "",
    "§6Source:",
    "§aI-V: §7Enchantment Table,",
    "§7Ink Sack Collection",
    "",
    "§6Applied To:",
    "§7- §fFishing Rod",
    "§7- §fFishing Weapon",
    "",
    "§a§lUNCOMMON"
  ],
  "internalname": "CASTER;5",
  "crafttext": "",
  "clickcommand": "",
  "parent": "CASTER;4",
  "modver": "2.0.0-REL",
  "infoType": ""
}