{
  "itemid": "minecraft:enchanted_book",
  "displayname": "§fEnchanted Book",
  "nbttag": "{ench:[],HideFlags:254,display:{Lore:[0:\"§9Caster IV\",1:\"§7§a4%§7 chance to not consume\",2:\"§7bait.\",3:\"\",4:\"§7Use this on an item in an Anvil\",5:\"§7to apply it!\",6:\"\",7:\"§6Source:\",8:\"§aI-V: §7Enchantment Table,\",9:\"§7Ink Sack Collection\",10:\"\",11:\"§6Applied To:\",12:\"§7- §fFishing Rod\",13:\"§7- §fFishing Weapon\",14:\"\",15:\"§f§lCOMMON\"],Name:\"§fEnchanted Book\"},ExtraAttributes:{id:\"CASTER;4\",enchantments:{caster:4}}}",
  "damage": 0,
  "lore": [
    "§9Caster IV",
    "§7§a4%§7 chance to not consume",
    "§7bait.",
    "",
    "§7Use this on an item in an Anvil",
    "§7to apply it!",
    "",
    "§6Source:",
    "§aI-V: §7Enchantment Table,",
    "§7Ink Sack Collection",
    "",
    "§6Applied To:",
    "§7- §fFishing Rod",
    "§7- §fFishing Weapon",
    "",
    "§f§lCOMMON"
  ],
  "recipe": {
    "A1": "WATER_LILY:8",
    "A2": "",
    "A3": "",
    "B1": "",
    "B2": "PAPER:8",
    "B3": "PAPER:8",
    "C1": "",
    "C2": "PAPER:8",
    "C3": "WHALE_BAIT:8"
  },
  "internalname": "CASTER;4",
  "clickcommand": "viewrecipe",
  "modver": "2.0.0-REL",
  "crafttext": "Requires: Ink Sack V",
  "infoType": ""
}