{
  "itemid": "minecraft:enchanted_book",
  "displayname": "§9Enchanted Book",
  "nbttag": "{ench:[],HideFlags:254,display:{Lore:[0:\"§9Caster VI\",1:\"§7§a6%§7 chance to not consume\",2:\"§7bait.\",3:\"\",4:\"§7Use this on an item in an Anvil\",5:\"§7to apply it!\",6:\"\",7:\"§6Source:\",8:\"§aVI: §7Fishing\",9:\"\",10:\"§6Applied To:\",11:\"§7- §fFishing Rod\",12:\"§7- §fFishing Weapon\",13:\"\",14:\"§9§lRARE\"],Name:\"§9Enchanted Book\"},ExtraAttributes:{id:\"CASTER;6\",enchantments:{caster:6}}}",
  "damage": 0,
  "lore": [
    "§9Caster VI",
    "§7§a6%§7 chance to not consume",
    "§7bait.",
    "",
    "§7Use this on an item in an Anvil",
    "§7to apply it!",
    "",
    "§6Source:",
    "§aVI: §7Fishing",
    "",
    "§6Applied To:",
    "§7- §fFishing Rod",
    "§7- §fFishing Weapon",
    "",
    "§9§lRARE"
  ],
  "internalname": "CASTER;6",
  "parent": "CASTER;4",
  "modver": "2.0.0-REL",
  "crafttext": "",
  "clickcommand": "",
  "infoType": ""
}