{
  "itemid": "minecraft:skull",
  "displayname": "§aCat Talisman",
  "nbttag": "{HideFlags:254,SkullOwner:{Id:\"10f7b67b-f012-3d99-b096-efd6419b842f\",Properties:{textures:[0:{Value:\"eyJ0ZXh0dXJlcyI6eyJTS0lOIjp7InVybCI6Imh0dHA6Ly90ZXh0dXJlcy5taW5lY3JhZnQubmV0L3RleHR1cmUvM2ExMjE4ODI1ODYwMWJjYjdmNzZlM2UyNDg5NTU1YTI2YzBkNzZlNmVmZWMyZmQ5NjZjYTM3MmI2ZGRlMDAifX19\"}]}},display:{Lore:[0:\"§7Speed: §a+1\",1:\"\",2:\"§a§lUNCOMMON ACCESSORY\"],Name:\"§aCat Talisman\"},ExtraAttributes:{id:\"CAT_TALISMAN\"}}",
  "damage": 3,
  "lore": [
    "§7Speed: §a+1",
    "",
    "§7§8This item can be reforged!",
    "§a§lUNCOMMON ACCESSORY"
  ],
  "internalname": "CAT_TALISMAN",
  "crafttext": "",
  "clickcommand": "",
  "modver": "1.7.1-REL",
  "infoType": "WIKI_URL",
  "info": [
    "https://hypixel-skyblock.fandom.com/wiki/Cat_Talisman"
  ]
}
