{
  "itemid": "minecraft:skull",
  "displayname": "§f§f§5Catacombs Expert Ring",
  "nbttag": "{overrideMeta:1b,HideFlags:254,SkullOwner:{Id:\"28fd5a72-904b-328f-b46d-29c0202f439b\",Properties:{textures:[0:{Value:\"eyJ0ZXh0dXJlcyI6eyJTS0lOIjp7InVybCI6Imh0dHA6Ly90ZXh0dXJlcy5taW5lY3JhZnQubmV0L3RleHR1cmUvYzA3OGM2OGY2Zjk2NjkzNzBlYTM5YmU3Mjk0NWEzYTg2ODhlMGUwMjRlNWQ2MTU4ZmQ4NTRmYjJiODBmYiJ9fX0\"}]}},display:{Lore:[0:\"§7Increases §cCatacombs §7dungeon\",1:\"§7experience by §a+10%§7.\",2:\"\",3:\"§7§8This item can be reforged!\",4:\"§5§lEPIC DUNGEON ACCESSORY\"],Name:\"§f§f§5Catacombs Expert Ring\"},ExtraAttributes:{id:\"CATACOMBS_EXPERT_RING\"},AttributeModifiers:[]}",
  "damage": 3,
  "lore": [
    "§7Increases §cCatacombs §7dungeon",
    "§7experience by §a+10%§7.",
    "",
    "§7§8This item can be reforged!",
    "§5§lEPIC DUNGEON ACCESSORY"
  ],
  "internalname": "CATACOMBS_EXPERT_RING",
  "crafttext": "",
  "clickcommand": "viewrecipe",
  "modver": "1.7.1-REL",
  "infoType": "WIKI_URL",
  "info": [
    "https://hypixel-skyblock.fandom.com/wiki/Catacombs_Expert_Ring"
  ]
}