{
  "itemid": "minecraft:skull",
  "displayname": "§3Catfish (Sea Creature)",
  "nbttag": "{HideFlags:254,SkullOwner:{Id:\"664dd492-3fcd-443b-9e61-4c7ebd9e4e10\",Properties:{textures:[0:{Value:\"eyJ0ZXh0dXJlcyI6eyJTS0lOIjp7InVybCI6Imh0dHA6Ly90ZXh0dXJlcy5taW5lY3JhZnQubmV0L3RleHR1cmUvNTY1N2NkNWMyOTg5ZmY5NzU3MGZlYzRkZGNkYzY5MjZhNjhhMzM5MzI1MGMxYmUxZjBiMTE0YTFkYjEifX19\"}]}},display:{Lore:[0:\"§7The Catfish is a Rare Sea Creature that spawns\",1:\"§7while fishing after reaching Fishing level 13. \",2:\"§7It takes the appearance of an ocelot.\",3:\"\",4:\"§c❤ Health§8: §c26.000\",5:\"\",6:\"§cDrops:\",7:\"§7- §7Clownfish\",8:\"§7- §7Lily Pad\",9:\"§7- §7Pufferfish\",10:\"§7- §7Raw Fish\",11:\"§7- §7Raw Salmon\",12:\"§7- §7Sponge\",13:\"§7- §9Enchanted Book\",14:\"   §7(Frail VI)\",15:\"\",16:\"§cRequirements:\",17:\"§7- Fishing Skill 13\",18:\"\",19:\"§9§lRARE\"],Name:\"§3Catfish (Sea Creature)\"},ExtraAttributes:{id:\"CATFISH_SC\"}}",
  "damage": 3,
  "lore": [
    "§7The Catfish is a Rare Sea Creature that spawns",
    "§7while fishing after reaching Fishing level 13. ",
    "§7It takes the appearance of an ocelot.",
    "",
    "§c❤ Health§8: §c26.000",
    "",
    "§cDrops:",
    "§7- §7Clownfish",
    "§7- §7Lily Pad",
    "§7- §7Pufferfish",
    "§7- §7Raw Fish",
    "§7- §7Raw Salmon",
    "§7- §7Sponge",
    "§7- §9Enchanted Book",
    "   §7(Frail VI)",
    "",
    "§cRequirements:",
    "§7- Fishing Skill 13",
    "",
    "§9§lRARE"
  ],
  "internalname": "CATFISH_SC",
  "clickcommand": "",
  "modver": "2.0.0-REL",
  "infoType": "WIKI_URL",
  "info": [
    "https://hypixel-skyblock.fandom.com/wiki/Catfish"
  ],
  "crafttext": ""
}