{
  "itemid": "minecraft:cauldron",
  "displayname": "§fCauldron",
  "nbttag": "{HideFlags:254,display:{Lore:[0:\"§f§lCOMMON\"],Name:\"§fCauldron\"},ExtraAttributes:{id:\"CAULDRON_ITEM\"}}",
  "damage": 0,
  "lore": [
    "§f§lCOMMON"
  ],
  "internalname": "CAULDRON_ITEM",
  "modver": "1.3-REL",
  "vanilla": true,
  "clickcommand": "viewrecipe",
  "recipe": {
    "A1": "IRON_INGOT:1",
    "A2": "",
    "A3": "IRON_INGOT:1",
    "B1": "IRON_INGOT:1",
    "B2": "",
    "B3": "IRON_INGOT:1",
    "C1": "IRON_INGOT:1",
    "C2": "IRON_INGOT:1",
    "C3": "IRON_INGOT:1"
  }
}