{
  "itemid": "minecraft:spawn_egg",
  "displayname": "§aCave Spider (Monster)",
  "nbttag": "{SkullOwner:{Id:\"39173a7a-c957-4ec1-ac1a-43e5a64983df\",Properties:{textures:[0:{Value:\"eyJ0ZXh0dXJlcyI6eyJTS0lOIjp7InVybCI6Imh0dHA6Ly90ZXh0dXJlcy5taW5lY3JhZnQubmV0L3RleHR1cmUvNDE2NDVkZmQ3N2QwOTkyMzEwN2IzNDk2ZTk0ZWViNWMzMDMyOWY5N2VmYzk2ZWQ3NmUyMjZlOTgyMjQifX19\"}]}},display:{Lore:[0:\"§7The Cave Spider is like a normal spider, but poisonous. \"],Name:\"§aCave Spider (Monster)\"},ExtraAttributes:{id:\"CAVE_SPIDER_MONSTER\"}}",
  "damage": 3,
  "lore": [
    "§7The Cave Spider is like a normal spider, but poisonous. "
  ],
  "internalname": "CAVE_SPIDER_MONSTER",
  "clickcommand": "",
  "modver": "2.0.0-REL",
  "infoType": "WIKI_URL",
  "info": [
    "https://hypixel-skyblock.fandom.com/wiki/Cave_Spider"
  ],
  "crafttext": ""
}