{
  "itemid": "minecraft:skull",
  "displayname": "§9Cellar Spider (Monster)",
  "nbttag": "{HideFlags:254,SkullOwner:{Id:\"a8aee72d-0d1d-3db7-8cf8-be1ce6ec2dc4\",Properties:{textures:[0:{Value:\"eyJ0ZXh0dXJlcyI6eyJTS0lOIjp7InVybCI6Imh0dHA6Ly90ZXh0dXJlcy5taW5lY3JhZnQubmV0L3RleHR1cmUvNDE2NDVkZmQ3N2QwOTkyMzEwN2IzNDk2ZTk0ZWViNWMzMDMyOWY5N2VmYzk2ZWQ3NmUyMjZlOTgyMjQifX19\"}]}},display:{Lore:[0:\"§7Creepy crawler\",1:\"\",2:\"§7Coins per Kill: §61\",3:\"§7Combat XP: §335-105\",4:\"\",5:\"§6§lPossible Drops:\",6:\"§aUncommon Loot\",7:\"§8 ■ §8Spider Essence x0-1\"],Name:\"§9Cellar Spider (Monster)\"},ExtraAttributes:{id:\"CELLAR_SPIDER_MONSTER\"}}",
  "damage": 3,
  "lore": [
    "§7Creepy crawler",
    "",
    "§7Coins per Kill: §61",
    "§7Combat XP: §335-105",
    "",
    "§6§lPossible Drops:",
    "§aUncommon Loot",
    "§8 ■ §8Spider Essence x0-1"
  ],
  "internalname": "CELLAR_SPIDER_MONSTER",
  "clickcommand": "",
  "modver": "2.0.0-REL",
  "infoType": "WIKI_URL",
  "info": [
    "https://hypixel-skyblock.fandom.com/wiki/Cellar_Spider"
  ],
  "crafttext": ""
}