{
  "itemid": "minecraft:fishing_rod",
  "displayname": "§9Challenging Rod",
  "nbttag": "{Unbreakable:1,HideFlags:254,display:{Lore:[0:\"§7Damage: §c+60\",1:\"§7Strength: §c+60\",2:\"§7Sea Creature Chance: §c+2%\",3:\"\",4:\"§7Increases fishing speed by §950%\",5:\"\",6:\"§7§8This item can be reforged!\",7:\"§4❣ §cRequires §aFishing Skill 10\",8:\"§9§lRARE FISHING ROD\"],Name:\"§9Challenging Rod\"},ExtraAttributes:{id:\"CHALLENGE_ROD\"}}",
  "damage": 0,
  "lore": [
    "§7Damage: §c+60",
    "§7Strength: §c+60",
    "§7Sea Creature Chance: §c+2%",
    "",
    "§7Increases fishing speed by §950%",
    "",
    "§7§8This item can be reforged!",
    "§4❣ §cRequires §aFishing Skill 10",
    "§9§lRARE FISHING ROD"
  ],
  "recipe": {
    "A1": "WATER_LILY:64",
    "A2": "WATER_LILY:64",
    "A3": "WATER_LILY:64",
    "B1": "WATER_LILY:64",
    "B2": "FISHING_ROD:1",
    "B3": "WATER_LILY:64",
    "C1": "WATER_LILY:64",
    "C2": "WATER_LILY:64",
    "C3": "WATER_LILY:64"
  },
  "internalname": "CHALLENGE_ROD",
  "clickcommand": "viewrecipe",
  "modver": "2.0.0-REL",
  "infoType": "WIKI_URL",
  "info": [
    "https://hypixel-skyblock.fandom.com/wiki/Challenging_Rod"
  ],
  "crafttext": "Requires: Lily Pad V"
}