{
  "itemid": "minecraft:fishing_rod",
  "displayname": "§9Rod of Champions",
  "nbttag": "{Unbreakable:1,HideFlags:254,display:{Lore:[0:\"§7Damage: §c+85\",1:\"§7Strength: §c+80\",2:\"§7Sea Creature Chance: §c+4%\",3:\"\",4:\"§7Increases fishing speed by §960%\",5:\"\",6:\"§7§8This item can be reforged!\",7:\"§4❣ §cRequires §aFishing Skill 15\",8:\"§9§lRARE FISHING ROD\"],Name:\"§9Rod of Champions\"},ExtraAttributes:{id:\"CHAMP_ROD\"}}",
  "damage": 0,
  "lore": [
    "§7Damage: §c+85",
    "§7Strength: §c+80",
    "§7Sea Creature Chance: §c+4%",
    "",
    "§7Increases fishing speed by §960%",
    "",
    "§7§8This item can be reforged!",
    "§4❣ §cRequires §aFishing Skill 15",
    "§9§lRARE FISHING ROD"
  ],
  "recipe": {
    "A1": "ENCHANTED_WATER_LILY:1",
    "A2": "ENCHANTED_WATER_LILY:1",
    "A3": "ENCHANTED_WATER_LILY:1",
    "B1": "ENCHANTED_WATER_LILY:1",
    "B2": "CHALLENGE_ROD:1",
    "B3": "ENCHANTED_WATER_LILY:1",
    "C1": "ENCHANTED_WATER_LILY:1",
    "C2": "ENCHANTED_WATER_LILY:1",
    "C3": "ENCHANTED_WATER_LILY:1"
  },
  "internalname": "CHAMP_ROD",
  "clickcommand": "viewrecipe",
  "modver": "2.0.0-REL",
  "infoType": "WIKI_URL",
  "info": [
    "https://hypixel-skyblock.fandom.com/wiki/Rod_of_Champions"
  ],
  "crafttext": "Requires: Lily Pad VII"
}