{
  "itemid": "minecraft:enchanted_book",
  "displayname": "§f§f§fEnchanted Book",
  "nbttag": "{ench:[],HideFlags:254,display:{Lore:[0:\"§9Chance IV\",1:\"§7Increases the chance of a\",2:\"§7Monster dropping an item by\",3:\"§7§a60%§7.\",4:\"\",5:\"§7Use this on an item in an Anvil\",6:\"§7to apply it!\",7:\"\",8:\"§6Source:\",9:\"§aIV: §7Experiments\",10:\"\",11:\"§6Applied To:\",12:\"§7- §fBow\",13:\"\",14:\"§f§lCOMMON\"],Name:\"§f§f§fEnchanted Book\"},ExtraAttributes:{id:\"CHANCE;4\",enchantments:{chance:4}}}",
  "damage": 0,
  "lore": [
    "§9Chance IV",
    "§7Increases the chance of a",
    "§7Monster dropping an item by",
    "§7§a60%§7.",
    "",
    "§7Use this on an item in an Anvil",
    "§7to apply it!",
    "",
    "§6Source:",
    "§aIV: §7Experiments",
    "",
    "§6Applied To:",
    "§7- §fBow",
    "",
    "§f§lCOMMON"
  ],
  "internalname": "CHANCE;4",
  "crafttext": "",
  "clickcommand": "",
  "modver": "2.0.0-REL",
  "infoType": ""
}