{
  "internalname": "CHEAP_COFFEE",
  "itemid": "minecraft:skull",
  "displayname": "§fCheap Coffee",
  "clickcommand": "",
  "damage": 3,
  "nbttag": "{HideFlags:254,SkullOwner:{Id:\"2fd02c32-6d35-3a1a-958b-e8c5a657c7d4\",Properties:{textures:[0:{Value:\"eyJ0ZXh0dXJlcyI6eyJTS0lOIjp7InVybCI6Imh0dHA6Ly90ZXh0dXJlcy5taW5lY3JhZnQubmV0L3RleHR1cmUvMTk0MjIxYTBkZTkzNmJhYzVjZTg5NWYyYWNhZDE5YzY0Nzk1YzE4Y2U1NTU1Yjk3MTU5NDIwNWJkM2VjIn19fQ==\"}]}},display:{Lore:[0:\"§8Basic Brew\",1:\"\",2:\"§7Use this item in place of\",3:\"§7an Awkward Potion for\",4:\"§7certain potions.\",5:\"\",6:\"§7Adds §f+5✦ Speed §7to potions\",7:\"§7with that stat.\",8:\"\",9:\"§f§lCOMMON\"],Name:\"§fCheap Coffee\"},ExtraAttributes:{id:\"CHEAP_COFFEE\"}}",
  "modver": "1.0.0",
  "lore": [
    "§8Basic Brew",
    "",
    "§7Use this item in place of",
    "§7an Awkward Potion for",
    "§7certain potions.",
    "",
    "§7Adds §f+5✦ Speed §7to potions",
    "§7with that stat.",
    "",
    "§f§lCOMMON"
  ],
  "infoType": "WIKI_URL",
  "info": [
    "https://hypixel-skyblock.fandom.com/wiki/Brews"
  ]
}