{
  "internalname": "CHEAP_TUXEDO_BOOTS",
  "itemid": "minecraft:leather_boots",
  "displayname": "§5Cheap Tuxedo Oxfords",
  "clickcommand": "",
  "damage": 0,
  "nbttag": "{Unbreakable:1,HideFlags:254,display:{Lore:[0:\"§7Crit Damage: §c+25%\",1:\"\",2:\"§7Intelligence: §a+25\",3:\"\",4:\"§6Full Set Bonus: Dashing\",5:\"§7Max health set to §c75❤§7.\",6:\"§7Deal §c+50% §7damage!\",7:\"§8Very stylish.\",8:\"\",9:\"§7§8This item can be reforged!\",10:\"§5§lEPIC BOOTS\"],color:3684408,Name:\"§5Cheap Tuxedo Oxfords\"},ExtraAttributes:{color:\"56:56:56\",id:\"CHEAP_TUXEDO_BOOTS\"}}",
  "modver": "1.0.0",
  "lore": [
    "§7Crit Damage: §c+25%",
    "",
    "§7Intelligence: §a+25",
    "",
    "§6Full Set Bonus: Dashing",
    "§7Max health set to §c75❤§7.",
    "§7Deal §c+50% §7damage!",
    "§8Very stylish.",
    "",
    "§7§8This item can be reforged!",
    "§5§lEPIC BOOTS"
  ],
  "infoType": "WIKI_URL",
  "info": [
    "https://hypixel-skyblock.fandom.com/wiki/Cheap_Tuxedo"
  ]
}