{
  "internalname": "CHEAP_TUXEDO_CHESTPLATE",
  "itemid": "minecraft:leather_chestplate",
  "displayname": "§5Cheap Tuxedo Jacket",
  "clickcommand": "",
  "damage": 0,
  "nbttag": "{Unbreakable:1,HideFlags:254,display:{Lore:[0:\"§7Crit Damage: §c+50%\",1:\"\",2:\"§7Intelligence: §a+50\",3:\"\",4:\"§6Full Set Bonus: Dashing\",5:\"§7Max health set to §c75❤§7.\",6:\"§7Deal §c+50% §7damage!\",7:\"§8Very stylish.\",8:\"\",9:\"§7§8This item can be reforged!\",10:\"§5§lEPIC CHESTPLATE\"],color:3684408,Name:\"§5Cheap Tuxedo Jacket\"},ExtraAttributes:{color:\"56:56:56\",id:\"CHEAP_TUXEDO_CHESTPLATE\"}}",
  "modver": "1.0.0",
  "lore": [
    "§7Crit Damage: §c+50%",
    "",
    "§7Intelligence: §a+50",
    "",
    "§6Full Set Bonus: Dashing",
    "§7Max health set to §c75❤§7.",
    "§7Deal §c+50% §7damage!",
    "§8Very stylish.",
    "",
    "§7§8This item can be reforged!",
    "§5§lEPIC CHESTPLATE"
  ],
  "infoType": "WIKI_URL",
  "info": [
    "https://hypixel-skyblock.fandom.com/wiki/Cheap_Tuxedo"
  ]
}