{
  "itemid": "minecraft:skull",
  "displayname": "§f§f§9Tasty Cheese",
  "nbttag": "{overrideMeta:1b,HideFlags:254,SkullOwner:{Id:\"d91490fc-b575-3128-a4e3-0cc0f9f1d23c\",Properties:{textures:[0:{Value:\"eyJ0ZXh0dXJlcyI6eyJTS0lOIjp7InVybCI6Imh0dHA6Ly90ZXh0dXJlcy5taW5lY3JhZnQubmV0L3RleHR1cmUvMzE1MzlkYmNkMzZmODc3MjYzMmU1NzM5ZTJlNTE0ODRlZGYzNzNjNTU4ZDZmYjJjNmI2MWI3MmI3Y2FhIn19fQ\"}]}},display:{Lore:[0:\"§7Increases the number of\",1:\"§7resources created by this minion\",2:\"§7by §ax2§7 for 1 hour§7!\",3:\"\",4:\"§9§lRARE\"],Name:\"§f§f§9Tasty Cheese\"},ExtraAttributes:{id:\"CHEESE_FUEL\"},AttributeModifiers:[]}",
  "damage": 3,
  "lore": [
    "§7Increases the number of",
    "§7resources created by this minion",
    "§7by §ax2§7 for 1 hour§7!",
    "",
    "§9§lRARE"
  ],
  "internalname": "CHEESE_FUEL",
  "crafttext": "",
  "clickcommand": "",
  "modver": "2.0.0-REL",
  "infoType": "WIKI_URL",
  "info": [
    "https://hypixel-skyblock.fandom.com/wiki/Tasty_Cheese"
  ]
}