{
  "itemid": "minecraft:leather_chestplate",
  "displayname": "§f§f§5Chestplate of the Pack",
  "nbttag": "{overrideMeta:1b,Unbreakable:1b,HideFlags:254,display:{Lore:[0:\"§7Health: §a+100 HP\",1:\"§7Defense: §a+95\",2:\"\",3:\"§7Gain §a+75❈ Defense §7against animals.\",4:\"§7Gain §f+5❂ True Defense §7aswell.\",5:\"\",6:\"§6Full Set Bonus: §cArmor of the Pack\",7:\"§7Gain §c+35❁ Strength §7and\",8:\"§7§a+80❈ Defense §7for each\",9:\"§7§cArmor of the Pack §7wearers\",10:\"§7within §a30 §7blocks.\",11:\"§8Max of 3 players\",12:\"\",13:\"§c☠ §5Requires Wolf Slayer 6\",14:\"§5§lEPIC CHESTPLATE\"],color:16711680,Name:\"§f§f§5Chestplate of the Pack\"},ExtraAttributes:{color:\"255:0:0\",modifier:\"strong\",id:\"CHESTPLATE_OF_THE_PACK\"},AttributeModifiers:[]}",
  "damage": 0,
  "lore": [
    "§7Health: §a+100 HP",
    "§7Defense: §a+95",
    "",
    "§7Gain §a+75❈ Defense §7against animals.",
    "§7Gain §f+5❂ True Defense §7aswell.",
    "",
    "§6Full Set Bonus: §cArmor of the Pack",
    "§7Gain §c+35❁ Strength §7and",
    "§7§a+80❈ Defense §7for each",
    "§7§cArmor of the Pack §7wearers",
    "§7within §a30 §7blocks.",
    "§8Max of 3 players",
    "",
    "§4☠ §cRequires §5Wolf Slayer 6",
    "§5§lEPIC CHESTPLATE"
  ],
  "slayer_req": "WOLF_6",
  "internalname": "CHESTPLATE_OF_THE_PACK",
  "clickcommand": "viewrecipe",
  "modver": "1.7.1-REL",
  "infoType": "WIKI_URL",
  "info": [
    "https://hypixel-skyblock.fandom.com/wiki/Armor_of_the_Pack"
  ]
}
