{
  "itemid": "minecraft:chest",
  "displayname": "§fChest",
  "nbttag": "{HideFlags:254,display:{Lore:[0:\"§f§lCOMMON\"],Name:\"§fChest\"},ExtraAttributes:{id:\"CHEST\"}}",
  "damage": 0,
  "lore": [
    "§f§lCOMMON"
  ],
  "internalname": "CHEST",
  "modver": "1.3-REL",
  "vanilla": true,
  "clickcommand": "viewrecipe",
  "recipe": {
    "A1": "WOOD:1",
    "A2": "WOOD:1",
    "A3": "WOOD:1",
    "B1": "WOOD:1",
    "B2": "",
    "B3": "WOOD:1",
    "C1": "WOOD:1",
    "C2": "WOOD:1",
    "C3": "WOOD:1"
  }
}