{
  "itemid": "minecraft:skull",
  "displayname": "§f§f§7[Lvl {LVL}] §fChicken",
  "nbttag": "{overrideMeta:1b,HideFlags:254,SkullOwner:{Id:\"df0a2ec6-7cea-3132-9ccf-2589a39719ba\",Properties:{textures:[0:{Value:\"eyJ0ZXh0dXJlcyI6eyJTS0lOIjp7InVybCI6Imh0dHA6Ly90ZXh0dXJlcy5taW5lY3JhZnQubmV0L3RleHR1cmUvN2YzN2Q1MjRjM2VlZDE3MWNlMTQ5ODg3ZWExZGVlNGVkMzk5OTA0NzI3ZDUyMTg2NTY4OGVjZTNiYWM3NWUifX19\"}]}},display:{Lore:[0:\"§8Farming Pet\",1:\"\",2:\"§7Health: §a{HEALTH} HP\",3:\"\",4:\"§6Light Feet\",5:\"§7§7§7Reduces fall damage by\",6:\"§7§a{0}%\",7:\"\",8:\"§7§eRight-click to add this pet to\",9:\"§eyour pet menu!\",10:\"\",11:\"§f§lCOMMON\"],Name:\"§f§f§7[Lvl {LVL}] §fChicken\"},ExtraAttributes:{petInfo:\"{\\\"type\\\":\\\"CHICKEN\\\",\\\"active\\\":false,\\\"exp\\\":0.0,\\\"tier\\\":\\\"COMMON\\\",\\\"hideInfo\\\":false}\",id:\"CHICKEN;0\"},AttributeModifiers:[]}",
  "damage": 3,
  "lore": [
    "§8Farming Pet",
    "",
    "§7Health: §a{HEALTH} HP",
    "",
    "§6Light Feet",
    "§7§7§7Reduces fall damage by",
    "§7§a{0}%",
    "",
    "§7§eRight-click to add this pet to",
    "§eyour pet menu!",
    "",
    "§f§lCOMMON"
  ],
  "internalname": "CHICKEN;0",
  "clickcommand": "viewrecipe",
  "modver": "REL-1.0.0",
  "recipe": {
    "A1": "ENCHANTED_RAW_CHICKEN:8",
    "A2": "ENCHANTED_RAW_CHICKEN:8",
    "A3": "ENCHANTED_RAW_CHICKEN:8",
    "B1": "ENCHANTED_RAW_CHICKEN:8",
    "B2": "ENCHANTED_EGG:1",
    "B3": "ENCHANTED_RAW_CHICKEN:8",
    "C1": "ENCHANTED_RAW_CHICKEN:8",
    "C2": "ENCHANTED_RAW_CHICKEN:8",
    "C3": "ENCHANTED_RAW_CHICKEN:8"
  },
  "crafttext": "33% chance",
  "useneucraft": true,
  "infoType": "WIKI_URL",
  "info": [
    "https://hypixel-skyblock.fandom.com/wiki/Chicken_Pet"
  ]
}