{
  "itemid": "minecraft:skull",
  "displayname": "§9Chicken Minion XII",
  "nbttag": "{HideFlags:254,SkullOwner:{Id:\"1f3a642f-61e0-3272-a17c-c7422e9526f4\",Properties:{textures:[0:{Value:\"eyJ0ZXh0dXJlcyI6eyJTS0lOIjp7InVybCI6Imh0dHA6Ly90ZXh0dXJlcy5taW5lY3JhZnQubmV0L3RleHR1cmUvZmEzOWFiZThkMmNiMTAyM2EzYjFiZTUyN2QyZGE1MTU4NTczNWQzY2VhMmI3MWRmZmFmZTU1NWFmNjM4N2I3OSJ9fX0K\"}]}},display:{Lore:[0:\"§7Place this minion and it will\",1:\"§7start generating and slaying\",2:\"§7Chickens! Minions also work when\",3:\"§7you are offline!\",4:\"\",5:\"§7Time Between Actions: §a12s\",6:\"§7Max Storage: §e960\"],Name:\"§9Chicken Minion XII\"},ExtraAttributes:{id:\"CHICKEN_GENERATOR_12\",generator_tier:12}}",
  "damage": 3,
  "lore": [
    "§7Place this minion and it will",
    "§7start generating and slaying",
    "§7Chickens! Minions also work when",
    "§7you are offline!",
    "",
    "§7Time Between Actions: §a12s",
    "§7Max Storage: §e960"
  ],
  "internalname": "CHICKEN_GENERATOR_12",
  "crafttext": "",
  "clickcommand": "",
  "modver": "2.0.0-REL",
  "infoType": "WIKI_URL",
  "info": [
    "https://hypixel-skyblock.fandom.com/wiki/Chicken_Minion"
  ]
}