{
  "itemid": "minecraft:skull",
  "displayname": "§aChicken (Animal)",
  "nbttag": "{HideFlags:254,SkullOwner:{Id:\"32e97556-5cb3-4b69-badf-ae4004863579\",Properties:{textures:[0:{Value:\"eyJ0ZXh0dXJlcyI6eyJTS0lOIjp7InVybCI6Imh0dHA6Ly90ZXh0dXJlcy5taW5lY3JhZnQubmV0L3RleHR1cmUvN2YzN2Q1MjRjM2VlZDE3MWNlMTQ5ODg3ZWExZGVlNGVkMzk5OTA0NzI3ZDUyMTg2NTY4OGVjZTNiYWM3NWUifX19\u003d\"}]}},display:{Lore:[0:\"§7Chickens can be found at the Barn and drop\",1:\"§7feathers, raw chicken and experience. They\",2:\"§7are required to unlock the Raw Chicken and \",3:\"§7Feather collection. \"],Name:\"§aChicken (Animal)\"},ExtraAttributes:{id:\"CHICKEN_ANIMAL\"}}",
  "damage": 3,
  "lore": [
    "§7Chickens can be found at the Barn and drop",
    "§7feathers, raw chicken and experience. They",
    "§7are required to unlock the Raw Chicken and ",
    "§7Feather collection. "
  ],
  "internalname": "CHICKEN_ANIMAL",
  "clickcommand": "",
  "modver": "2.0.0-REL",
  "infoType": "WIKI_URL",
  "info": [
    "https://hypixel-skyblock.fandom.com/wiki/Chicken"
  ],
  "crafttext": ""
}