{
  "itemid": "minecraft:skull",
  "displayname": "§f§f§5Chicken Coop",
  "nbttag": "{overrideMeta:1b,HideFlags:254,SkullOwner:{Id:\"79aedd87-9f01-3de0-8de6-b4b2764ab6a9\",Properties:{textures:[0:{Value:\"eyJ0ZXh0dXJlcyI6eyJTS0lOIjp7InVybCI6Imh0dHA6Ly90ZXh0dXJlcy5taW5lY3JhZnQubmV0L3RleHR1cmUvNDViNGUyMjI5ZGU5NGMxNWRiZmNmMmJhZTQ5ZTgwZjBlNGQ2NTkxNGE0OWEzMTJjMDQxNzkyOWEyOWJiNyJ9fX0\u003d\"}]}},display:{Lore:[0:\"§8Furniture\",1:\"\",2:\"§7This exclusive Easter cosmetic\",3:\"§7can be placed on your island or\",4:\"§7traded.\",5:\"\",6:\"§5§lEPIC\"],Name:\"§f§f§5Chicken Coop\"},ExtraAttributes:{id:\"CHICKEN_COOP\"},AttributeModifiers:[]}",
  "damage": 3,
  "lore": [
    "§8Furniture",
    "",
    "§7This exclusive Easter cosmetic",
    "§7can be placed on your island or",
    "§7traded.",
    "",
    "§5§lEPIC"
  ],
  "internalname": "CHICKEN_COOP",
  "crafttext": "",
  "clickcommand": "",
  "modver": "2.0.0-REL",
  "infoType": "WIKI_URL",
  "info": [
    "https://hypixel-skyblock.fandom.com/wiki/Furniture"
  ]
}