{
  "itemid": "minecraft:skull",
  "displayname": "§fChicken Head",
  "nbttag": "{HideFlags:254,SkullOwner:{Id:\"2a25df55-9eb9-3706-ad01-5d27d06b16c3\",Properties:{textures:[0:{Value:\"eyJ0ZXh0dXJlcyI6eyJTS0lOIjp7InVybCI6Imh0dHA6Ly90ZXh0dXJlcy5taW5lY3JhZnQubmV0L3RleHR1cmUvMTYzODQ2OWE1OTljZWVmNzIwNzUzNzYwMzI0OGE5YWIxMWZmNTkxZmQzNzhiZWE0NzM1YjM0NmE3ZmFlODkzIn19fQ\u003d\u003d\"}]}},display:{Lore:[0:\"§7Health: §a+20 HP\",1:\"\",2:\"§7Lay eggs when you sneak! Has a\",3:\"§7cooldown of §a20 §7seconds. Also\",4:\"§7reduces fall damage by §a5.0%§7.\",5:\"\",6:\"§7§8This item can be reforged!\",7:\"§f§lCOMMON HELMET\"],Name:\"§fChicken Head\"},ExtraAttributes:{id:\"CHICKEN_HEAD\"}}",
  "damage": 3,
  "lore": [
    "§7Health: §a+20 HP",
    "",
    "§7Lay eggs when you sneak! Has a",
    "§7cooldown of §a20 §7seconds. Also",
    "§7reduces fall damage by §a5.0%§7.",
    "",
    "§7§8This item can be reforged!",
    "§f§lCOMMON HELMET"
  ],
  "recipe": {
    "A1": "EGG:1",
    "A2": "EGG:1",
    "A3": "EGG:1",
    "B1": "EGG:1",
    "B2": "",
    "B3": "EGG:1",
    "C1": "",
    "C2": "",
    "C3": ""
  },
  "internalname": "CHICKEN_HEAD",
  "clickcommand": "viewrecipe",
  "modver": "1.0.0",
  "infoType": "WIKI_URL",
  "info": [
    "https://hypixel-skyblock.fandom.com/wiki/Chicken_Head"
  ],
  "crafttext": "Requires: Raw Chicken III"
}