{
  "itemid": "minecraft:cooked_fish",
  "displayname": "§f§f§cChill the Fish",
  "nbttag": "{ench:[],overrideMeta:1b,HideFlags:254,display:{Lore:[0:\"§c§lSPECIAL\"],Name:\"§f§f§cChill the Fish\"},ExtraAttributes:{id:\"CHILL_THE_FISH_2\"},AttributeModifiers:[]}",
  "damage": 0,
  "lore": [
    "§c§lSPECIAL"
  ],
  "internalname": "CHILL_THE_FISH_2",
  "crafttext": "",
  "clickcommand": "",
  "modver": "1.7.1-REL",
  "infoType": "WIKI_URL",
  "info": [
    "https://hypixel-skyblock.fandom.com/wiki/Chill_the_Fish"
  ]
}