{
  "itemid": "minecraft:clay",
  "displayname": "§fClay",
  "nbttag": "{HideFlags:254,display:{Lore:[0:\"§f§lCOMMON\"],Name:\"§fClay\"},ExtraAttributes:{id:\"CLAY\"}}",
  "damage": 0,
  "lore": [
    "§f§lCOMMON"
  ],
  "internalname": "CLAY",
  "modver": "1.3-REL",
  "vanilla": true,
  "clickcommand": "viewrecipe",
  "recipe": {
    "A1": "CLAY_BALL:1",
    "A2": "CLAY_BALL:1",
    "A3": "",
    "B1": "CLAY_BALL:1",
    "B2": "CLAY_BALL:1",
    "B3": "",
    "C1": "",
    "C2": "",
    "C3": ""
  }
}