{
  "itemid": "minecraft:enchanted_book",
  "displayname": "§f§f§9Enchanted Book",
  "nbttag": "{ench:[],overrideMeta:1b,HideFlags:254,display:{Lore:[0:\"§9Cleave VI\",1:\"§7Deals §a18% §7of your damage\",2:\"§7dealt to other monsters within\",3:\"§7§a4.8 §7blocks of the target.\",4:\"\",5:\"§7Use this on an item in an Anvil\",6:\"§7to apply it!\",7:\"\",8:\"§6Source:\",9:\"§aVI: §7Experiments\",10:\"\",11:\"§6Applied To:\",12:\"§7- §fSword\",13:\"§7- §fFishing Weapon\",14:\"\",15:\"§9§lRARE\"],Name:\"§f§f§9Enchanted Book\"},ExtraAttributes:{id:\"CLEAVE;6\",enchantments:{cleave:6}},AttributeModifiers:[]}",
  "damage": 0,
  "lore": [
    "§9Cleave VI",
    "§7Deals §a18% §7of your damage",
    "§7dealt to other monsters within",
    "§7§a4.8 §7blocks of the target.",
    "",
    "§7Use this on an item in an Anvil",
    "§7to apply it!",
    "",
    "§6Source:",
    "§aVI: §7Experiments",
    "",
    "§6Applied To:",
    "§7- §fSword",
    "§7- §fFishing Weapon",
    "",
    "§9§lRARE"
  ],
  "internalname": "CLEAVE;6",
  "crafttext": "",
  "clickcommand": "",
  "modver": "2.0.0-REL",
  "infoType": ""
}