{
  "itemid": "minecraft:enchanted_book",
  "displayname": "§fEnchanted Book",
  "nbttag": "{ench:[],HideFlags:254,display:{Lore:[0:\"§9Cleave II\",1:\"§7Deals §a6% §7of your damage\",2:\"§7dealt to other monsters within\",3:\"§7§a3.6 §7blocks of the target.\",4:\"\",5:\"§7Use this on an item in an Anvil\",6:\"§7to apply it!\",7:\"\",8:\"§6Source:\",9:\"§aI-V: §7Enchantment Table,\",10:\"§7Pufferfish Collection\",11:\"\",12:\"§6Applied To:\",13:\"§7- §fSword\",14:\"§7- §fFishing Weapon\",15:\"\",16:\"§f§lCOMMON\"],Name:\"§fEnchanted Book\"},ExtraAttributes:{id:\"CLEAVE;2\",enchantments:{cleave:2}}}",
  "damage": 0,
  "lore": [
    "§9Cleave II",
    "§7Deals §a6% §7of your damage",
    "§7dealt to other monsters within",
    "§7§a3.6 §7blocks of the target.",
    "",
    "§7Use this on an item in an Anvil",
    "§7to apply it!",
    "",
    "§6Source:",
    "§aI-V: §7Enchantment Table,",
    "§7Pufferfish Collection",
    "",
    "§6Applied To:",
    "§7- §fSword",
    "§7- §fFishing Weapon",
    "",
    "§f§lCOMMON"
  ],
  "internalname": "CLEAVE;2",
  "parent": "CLEAVE;4",
  "clickcommand": "",
  "modver": "2.0.0-REL",
  "crafttext": "",
  "infoType": ""
}